district_id,province,district,yuzey_alani_km2,tesvik_bolgesi,kayit_sayisi
TR-4948093e48,ADANA,ALADAĞ(KARSANTI),0,2.0,365
TR-a45aec271b,ADANA,CEYHAN,1426,2.0,365
TR-679bca6028,ADANA,FEKE,1218,2.0,365
TR-668da2467f,ADANA,KARATAŞ,862,2.0,365
TR-2367189f65,ADANA,KARAİSALI,1165,2.0,365
TR-e45aa71f09,ADANA,KOZAN,1903,2.0,365
TR-848e2534ad,ADANA,POZANTI,899,2.0,365
TR-0846081c38,ADANA,SARIÇAM,770,2.0,365
TR-ee8ab05a8a,ADANA,SAİMBEYLİ,989,2.0,365
TR-494f5524ea,ADANA,SEYHAN,444,2.0,365
TR-cb21a11f1e,ADANA,TUFANBEYLİ,851,2.0,365
TR-f94fdb03d6,ADANA,YUMURTALIK,447,2.0,365
TR-c45fe58b1b,ADANA,YÜREĞİR,835,2.0,365
TR-4790f44701,ADANA,ÇUKUROVA,250,2.0,365
TR-5dee4381a9,ADANA,İMAMOĞLU,445,2.0,365
TR-5a7e9768da,ADIYAMAN,ADIYAMAN,0,5.0,365
TR-74523917f0,ADIYAMAN,BESNİ,1235,5.0,365
TR-d6d6cf5d06,ADIYAMAN,GERGER,668,5.0,365
TR-67cf07fdc5,ADIYAMAN,GÖLBAŞI,800,5.0,365
TR-feeb3f26fc,ADIYAMAN,KAHTA,0,5.0,365
TR-1b1e5b718b,ADIYAMAN,SAMSAT,319,5.0,365
TR-50e0041070,ADIYAMAN,SİNCİK,495,5.0,365
TR-9356d84718,ADIYAMAN,TUT,290,5.0,365
TR-686a46d004,ADIYAMAN,ÇELİKHAN,444,5.0,365
TR-b5c0ee926c,AFYONKARAHİSAR,AFYON,0,3.0,365
TR-80fded3577,AFYONKARAHİSAR,BAYAT,411,3.0,365
TR-fa5bfdc185,AFYONKARAHİSAR,BAŞMAKÇI,361,3.0,365
TR-c6bc10ba4d,AFYONKARAHİSAR,BOLVADİN,944,3.0,365
TR-f57aab8a72,AFYONKARAHİSAR,DAZKIRI,408,3.0,365
TR-4d5aff5b7c,AFYONKARAHİSAR,DİNAR,1254,3.0,365
TR-c2785fb5ac,AFYONKARAHİSAR,EMİRDAĞ,2103,3.0,365
TR-1203bc61e4,AFYONKARAHİSAR,EVCİLER,252,3.0,365
TR-12562bc4bc,AFYONKARAHİSAR,HOCALAR,506,3.0,365
TR-8295518cdc,AFYONKARAHİSAR,KIZILÖREN,111,3.0,365
TR-d08a0f1953,AFYONKARAHİSAR,SANDIKLI,1238,3.0,365
TR-ccd3dab284,AFYONKARAHİSAR,SULTANDAĞI,928,3.0,365
TR-69a9402e4d,AFYONKARAHİSAR,SİNCANLI(SİNANPAŞA),0,3.0,365
TR-6ddff9f783,AFYONKARAHİSAR,ÇAY,803,3.0,365
TR-be39ec0254,AFYONKARAHİSAR,ÇOBANLAR,165,3.0,365
TR-9021aee901,AFYONKARAHİSAR,İHSANİYE,849,3.0,365
TR-68aeeda422,AFYONKARAHİSAR,İSCEHİSAR,489,3.0,365
TR-cafb020eb6,AFYONKARAHİSAR,ŞUHUT,1044,3.0,365
TR-6f16a11fc2,AKSARAY,AKSARAY,0,5.0,365
TR-c8784fd0d8,AKSARAY,AĞAÇÖREN,407,5.0,365
TR-fc242b3d1e,AKSARAY,ESKİL,1701,5.0,365
TR-c4396dc867,AKSARAY,GÜLAĞAÇ,326,5.0,365
TR-544acc3c9a,AKSARAY,GÜZELYURT,285,5.0,365
TR-9ad3d1a559,AKSARAY,ORTAKÖY,727,5.0,365
TR-6648ff8a5b,AKSARAY,SARIYAHŞİ,210,5.0,365
TR-da5269233e,AMASYA,AMASYA,0,4.0,365
TR-0a72f01dbf,AMASYA,GÖYNÜCEK,591,4.0,365
TR-43eb7eaade,AMASYA,GÜMÜŞHACIKÖY,629,4.0,365
TR-f129ff52e3,AMASYA,HAMAMÖZÜ,204,4.0,365
TR-21329d25aa,AMASYA,MERZİFON,888,4.0,365
TR-883bbdaf4e,AMASYA,SULUOVA,456,4.0,365
TR-480f786894,AMASYA,TAŞOVA,971,4.0,365
TR-9eb5e8efed,ANKARA,AKYURT,369,1.0,365
TR-837842e348,ANKARA,ALTINDAĞ,123,1.0,365
TR-cb507da01a,ANKARA,AYAŞ,1041,1.0,365
TR-d597002898,ANKARA,BALA,1851,1.0,365
TR-29b80d0f90,ANKARA,BEYPAZARI,1697,1.0,365
TR-09a5f9ff30,ANKARA,ELMADAĞ,647,1.0,365
TR-9e551fa50a,ANKARA,ETİMESGUT,273,1.0,365
TR-f39a65249d,ANKARA,EVREN,222,1.0,365
TR-dbfb281000,ANKARA,GÖLBAŞI,1364,1.0,365
TR-f97e5e1ba9,ANKARA,GÜDÜL,540,1.0,365
TR-d3306ce52b,ANKARA,HAYMANA,2164,1.0,365
TR-eac996c856,ANKARA,KALECİK,1110,1.0,365
TR-9762ca9c14,ANKARA,KAZAN,547,1.0,365
TR-48070a05e4,ANKARA,KEÇİÖREN,159,1.0,365
TR-636df42fd4,ANKARA,KIZILCAHAMAM,1623,1.0,365
TR-a333afd6a9,ANKARA,MAMAK,321,1.0,365
TR-6c1a2652ae,ANKARA,NALLIHAN,2079,1.0,365
TR-43624fd43a,ANKARA,POLATLI,3618,1.0,365
TR-8d313ed00f,ANKARA,PURSAKLAR,169,1.0,365
TR-a892ec7545,ANKARA,SİNCAN,880,1.0,365
TR-7e371242a1,ANKARA,YENİMAHALLE,219,1.0,365
TR-3de3c0f731,ANKARA,ÇAMLIDERE,782,1.0,365
TR-65fa7e7b7c,ANKARA,ÇANKAYA,483,1.0,365
TR-37c51146c8,ANKARA,ÇUBUK,1198,1.0,365
TR-fe542d4a1c,ANKARA,ŞEREFLİKOÇHİSAR,2155,1.0,365
TR-34b8c10cb6,ANTALYA,AKSEKİ,1544,1.0,365
TR-0c77eda402,ANTALYA,AKSU,406,1.0,365
TR-25d23dcca7,ANTALYA,ALANYA,1577,1.0,365
TR-20db5bcd81,ANTALYA,DEMRE(KALE),0,1.0,365
TR-933bc96bc9,ANTALYA,DÖŞEMEALTI,687,1.0,365
TR-b1c32fc23a,ANTALYA,ELMALI,1433,1.0,365
TR-bc7040eccd,ANTALYA,FİNİKE,768,1.0,365
TR-f3a85a9488,ANTALYA,GAZİPAŞA,1111,1.0,365
TR-fd4e4eaf23,ANTALYA,GÜNDOĞMUŞ,1175,1.0,365
TR-4140f93f00,ANTALYA,KAŞ,1750,1.0,365
TR-66db1e5f01,ANTALYA,KEMER,412,1.0,365
TR-3655e680c7,ANTALYA,KEPEZ,292,1.0,365
TR-788281d12b,ANTALYA,KONYAALTI,546,1.0,365
TR-54b55552bc,ANTALYA,KORKUTELİ,2433,1.0,365
TR-6e8a40f963,ANTALYA,KUMLUCA,1225,1.0,365
TR-a20ec407d6,ANTALYA,MANAVGAT,2351,1.0,365
TR-65d3833967,ANTALYA,MURATPAŞA,96,1.0,365
TR-6d65c2eaf4,ANTALYA,SERİK,1263,1.0,365
TR-956f3ac4d6,ANTALYA,İBRADI(AYDINKENT),0,1.0,365
TR-6140611774,ARDAHAN,ARDAHAN,0,6.0,365
TR-e42aaa033b,ARDAHAN,DAMAL,165,6.0,365
TR-ef94a72b8a,ARDAHAN,GÖLE,1290,6.0,365
TR-e66d074b62,ARDAHAN,HANAK,647,6.0,365
TR-0345472e11,ARDAHAN,POSOF,583,6.0,365
TR-a1690a9ef5,ARDAHAN,ÇILDIR,988,6.0,365
TR-d8d3b20251,ARTVİN,ARDANUÇ,958,4.0,365
TR-cf04381337,ARTVİN,ARHAVİ,407,4.0,365
TR-8f246e11e8,ARTVİN,ARTVİN,0,4.0,365
TR-bbc6e73035,ARTVİN,BORÇKA,805,4.0,365
TR-53ea76b46b,ARTVİN,HOPA,130,4.0,365
TR-855394d448,ARTVİN,MURGUL(GÖKTAŞ),0,4.0,365
TR-700bdc6471,ARTVİN,YUSUFELİ,2261,4.0,365
TR-fdf38b2df1,ARTVİN,ŞAVŞAT,1316,4.0,365
TR-d1ee55fafc,AYDIN,AYDIN,0,2.0,365
TR-981ebcc274,AYDIN,BOZDOĞAN,859,2.0,365
TR-779cc8d94a,AYDIN,BUHARKENT(ÇUBUKDAĞI),0,2.0,365
TR-fd0d16c383,AYDIN,DİDİM(YENİHİSAR),0,2.0,365
TR-0b816c93d1,AYDIN,GERMENCİK,394,2.0,365
TR-af4e3cea19,AYDIN,KARACASU,727,2.0,365
TR-a7de999225,AYDIN,KARPUZLU,286,2.0,365
TR-66a3b66593,AYDIN,KOÇARLI,455,2.0,365
TR-cc63d7af6d,AYDIN,KUYUCAK,544,2.0,365
TR-c9aed2bbf9,AYDIN,KUŞADASI,265,2.0,365
TR-ab77ba5d2c,AYDIN,KÖŞK,187,2.0,365
TR-2d40920fde,AYDIN,NAZİLLİ,691,2.0,365
TR-aa4ff8cb7a,AYDIN,SULTANHİSAR,220,2.0,365
TR-364cf23dcb,AYDIN,SÖKE,1064,2.0,365
TR-6dc06a060d,AYDIN,YENİPAZAR,245,2.0,365
TR-3cc49fd026,AYDIN,ÇİNE,820,2.0,365
TR-21da047c35,AYDIN,İNCİRLİOVA,188,2.0,365
TR-57b015e800,AĞRI,AĞRI,0,6.0,365
TR-f76ea89095,AĞRI,DOĞUBAYAZIT(DOĞUBEYAZIT),0,6.0,365
TR-2e2c93ce11,AĞRI,DİYADİN,1351,6.0,365
TR-21e9de7516,AĞRI,ELEŞKİRT,1307,6.0,365
TR-62a5d417b3,AĞRI,HAMUR,873,6.0,365
TR-2c73e77fa9,AĞRI,PATNOS,1394,6.0,365
TR-a2a9ab5cfc,AĞRI,TAŞLIÇAY,822,6.0,365
TR-cfdca8b439,AĞRI,TUTAK,1407,6.0,365
TR-edb628286d,BALIKESİR,AYVALIK,305,3.0,365
TR-5f4861830a,BALIKESİR,BALIKESİR,0,3.0,365
TR-b30574bc0c,BALIKESİR,BALYA,797,3.0,365
TR-b719597914,BALIKESİR,BANDIRMA,755,3.0,365
TR-2152ef3e09,BALIKESİR,BURHANİYE,420,3.0,365
TR-13ee7e7270,BALIKESİR,BİGADİÇ,1108,3.0,365
TR-a508f416b5,BALIKESİR,DURSUNBEY,1719,3.0,365
TR-04d4a59945,BALIKESİR,EDREMİT,682,3.0,365
TR-a4f4e4de1b,BALIKESİR,ERDEK,307,3.0,365
TR-74a04f76b1,BALIKESİR,GÖMEÇ,171,3.0,365
TR-2a0f878f44,BALIKESİR,GÖNEN,1162,3.0,365
TR-2c29babe4e,BALIKESİR,HAVRAN,565,3.0,365
TR-507acf7610,BALIKESİR,KEPSUT,889,3.0,365
TR-f3efcaa2f7,BALIKESİR,MANYAS,634,3.0,365
TR-9837e25458,BALIKESİR,MARMARA,134,3.0,365
TR-c8c7c368e8,BALIKESİR,SAVAŞTEPE,427,3.0,365
TR-3f3295dfa6,BALIKESİR,SINDIRGI,1387,3.0,365
TR-3690263eb5,BALIKESİR,SUSURLUK,652,3.0,365
TR-2223cfbf65,BALIKESİR,İVRİNDİ,818,3.0,365
TR-1fc79128bc,BARTIN,AMASRA,178,4.0,365
TR-12cc75ff3c,BARTIN,BARTIN,0,4.0,365
TR-4c49fc92f6,BARTIN,KURUCAŞİLE,152,4.0,365
TR-5168fe5c21,BARTIN,ULUS,909,4.0,365
TR-aee2183018,BATMAN,BATMAN,0,6.0,365
TR-50320045d1,BATMAN,BEŞİRİ,809,6.0,365
TR-1fb43b55fa,BATMAN,GERCÜŞ,914,6.0,365
TR-8c8be118ce,BATMAN,HASANKEYF,293,6.0,365
TR-c612d5e162,BATMAN,KOZLUK,1101,6.0,365
TR-70b06bfa00,BATMAN,SASON,706,6.0,365
TR-1e2c06f544,BAYBURT,AYDINTEPE,446,5.0,365
TR-0ebb3fc53e,BAYBURT,BAYBURT,0,5.0,365
TR-af89eef320,BAYBURT,DEMİRÖZÜ,594,5.0,365
TR-fc4d9fe2c8,BOLU,BOLU,0,2.0,365
TR-bc436d2f94,BOLU,DÖRTDİVAN,634,2.0,365
TR-b67faefe60,BOLU,GEREDE,1060,2.0,365
TR-9199b46b2a,BOLU,GÖYNÜK,1407,2.0,365
TR-9270c63855,BOLU,KIBRISCIK,562,2.0,365
TR-90205d5e89,BOLU,MENGEN,874,2.0,365
TR-5859502872,BOLU,MUDURNU,1314,2.0,365
TR-6846f4941b,BOLU,SEBEN,683,2.0,365
TR-a61e7ecac6,BOLU,YENİÇAĞA,163,2.0,365
TR-c94869edc4,BURDUR,ALTINYAYLA(DİRMİL),0,3.0,365
TR-2640450832,BURDUR,AĞLASUN,305,3.0,365
TR-177dbae0a5,BURDUR,BUCAK,1511,3.0,365
TR-fbc6fda77b,BURDUR,BURDUR,0,3.0,365
TR-d74ffdd0b4,BURDUR,GÖLHİSAR,494,3.0,365
TR-a2767e387a,BURDUR,KARAMANLI,372,3.0,365
TR-9dc95d786d,BURDUR,KEMER,373,3.0,365
TR-62473ccd23,BURDUR,TEFENNİ,582,3.0,365
TR-66c21944ef,BURDUR,YEŞİLOVA,1108,3.0,365
TR-b058e6dd1b,BURDUR,ÇAVDIR,482,3.0,365
TR-c4659ed840,BURDUR,ÇELTİKÇİ,161,3.0,365
TR-b82eebdfb2,BURSA,BÜYÜKORHAN,505,1.0,365
TR-f6198bee96,BURSA,GEMLİK,401,1.0,365
TR-609b78c608,BURSA,GÜRSU,106,1.0,365
TR-ea099c03c8,BURSA,HARMANCIK,400,1.0,365
TR-51e97dc6ef,BURSA,KARACABEY,1158,1.0,365
TR-602dd9d1b0,BURSA,KELES,617,1.0,365
TR-328404c9b5,BURSA,KESTEL,396,1.0,365
TR-4f8332d3be,BURSA,MUDANYA,369,1.0,365
TR-11cbe0ba6c,BURSA,MUSTAFAKEMALPAŞA,1641,1.0,365
TR-2e660defe6,BURSA,NİLÜFER,552,1.0,365
TR-7f81f247fd,BURSA,ORHANELİ,838,1.0,365
TR-c03cc5d5ec,BURSA,ORHANGAZİ,506,1.0,365
TR-1f28844e45,BURSA,OSMANGAZİ,621,1.0,365
TR-ddb26fc640,BURSA,YENİŞEHİR,720,1.0,365
TR-610eb36d3b,BURSA,YILDIRIM,110,1.0,365
TR-1c907bd7fc,BURSA,İNEGÖL,1118,1.0,365
TR-2c5e3b6200,BURSA,İZNİK,753,1.0,365
TR-d5194f1919,BİLECİK,BOZÜYÜK,860,3.0,365
TR-63f80548a7,BİLECİK,BİLECİK,0,3.0,365
TR-56562be0e9,BİLECİK,GÖLPAZARI,670,3.0,365
TR-9fd0b0ae36,BİLECİK,OSMANELİ,490,3.0,365
TR-d668b2f9ac,BİLECİK,PAZARYERİ,324,3.0,365
TR-285c784d0d,BİLECİK,SÖĞÜT,523,3.0,365
TR-8fffa1ce68,BİLECİK,YENİPAZAR,273,3.0,365
TR-b44abef5fb,BİLECİK,İNHİSAR,244,3.0,365
TR-9395a3232d,BİNGÖL,ADAKLI,825,6.0,365
TR-c6496a9a02,BİNGÖL,BİNGÖL,0,6.0,365
TR-12c9916e24,BİNGÖL,GENÇ,1443,6.0,365
TR-22ed38bbe4,BİNGÖL,KARLIOVA,1566,6.0,365
TR-e6aedd715b,BİNGÖL,KİĞI,483,6.0,365
TR-15edbad92f,BİNGÖL,SOLHAN,1032,6.0,365
TR-3774f29896,BİNGÖL,YAYLADERE,417,6.0,365
TR-cd0fa61c04,BİNGÖL,YEDİSU,423,6.0,365
TR-915e5ca20d,BİTLİS,ADİLCEVAZ,1586,6.0,365
TR-3c079d15ec,BİTLİS,AHLAT,1153,6.0,365
TR-ea7f455365,BİTLİS,BİTLİS,0,6.0,365
TR-0ac0c895ac,BİTLİS,GÜROYMAK,515,6.0,365
TR-2046e2f60e,BİTLİS,HİZAN,1021,6.0,365
TR-00aa22f562,BİTLİS,MUTKİ,1069,6.0,365
TR-15002e2337,BİTLİS,TATVAN,1885,6.0,365
TR-25df38cf67,DENİZLİ,ACIPAYAM,1772,2.0,365
TR-0219d49fcc,DENİZLİ,AKKÖY,0,2.0,365
TR-da07303f04,DENİZLİ,BABADAĞ,124,2.0,365
TR-681f61fabf,DENİZLİ,BAKLAN,283,2.0,365
TR-e42b0de19a,DENİZLİ,BEKİLLİ,304,2.0,365
TR-82a68f3305,DENİZLİ,BEYAĞAÇ,333,2.0,365
TR-27860155e9,DENİZLİ,BOZKURT,462,2.0,365
TR-0c57b6ee7a,DENİZLİ,BULDAN,523,2.0,365
TR-e0dc60033a,DENİZLİ,DENİZLİ,0,2.0,365
TR-110c2886d1,DENİZLİ,GÜNEY,362,2.0,365
TR-a7d8e9fd75,DENİZLİ,HONAZ,449,2.0,365
TR-1dd8ab19f1,DENİZLİ,KALE,684,2.0,365
TR-bf3de08f03,DENİZLİ,SARAYKÖY,379,2.0,365
TR-56d311b974,DENİZLİ,SERİNHİSAR,256,2.0,365
TR-6ec07ef977,DENİZLİ,TAVAS,1432,2.0,365
TR-908df637dc,DENİZLİ,ÇAL,860,2.0,365
TR-d3518c92cf,DENİZLİ,ÇAMELİ,758,2.0,365
TR-6ef81881f5,DENİZLİ,ÇARDAK,423,2.0,365
TR-de93ee7bc4,DENİZLİ,ÇİVRİL,1570,2.0,365
TR-8e33caf2ec,DÜZCE,AKÇAKOCA,380,4.0,365
TR-9ccefcf532,DÜZCE,CUMAYERİ,113,4.0,365
TR-80429a4d5d,DÜZCE,DÜZCE,0,4.0,365
TR-268117df1e,DÜZCE,GÖLYAKA,228,4.0,365
TR-8a02ad464e,DÜZCE,GÜMÜŞOVA,103,4.0,365
TR-49d02d5cef,DÜZCE,KAYNAŞLI,237,4.0,365
TR-72e240ad4e,DÜZCE,YIĞILCA,636,4.0,365
TR-529aba8bf7,DÜZCE,ÇİLİMLİ,85,4.0,365
TR-caded8142f,DİYARBAKIR,BAĞLAR,429,6.0,365
TR-896e04c44a,DİYARBAKIR,BİSMİL,1679,6.0,365
TR-ae950fef4a,DİYARBAKIR,DİCLE,738,6.0,365
TR-77133d2816,DİYARBAKIR,ERGANİ,1510,6.0,365
TR-48e6acbddf,DİYARBAKIR,EĞİL,449,6.0,365
TR-f0b52426c3,DİYARBAKIR,HANİ,436,6.0,365
TR-f205bc014d,DİYARBAKIR,HAZRO,426,6.0,365
TR-f060bda084,DİYARBAKIR,KAYAPINAR,480,6.0,365
TR-d372898250,DİYARBAKIR,KOCAKÖY,248,6.0,365
TR-e6ea47f71a,DİYARBAKIR,KULP,1493,6.0,365
TR-d601831a97,DİYARBAKIR,LİCE,982,6.0,365
TR-96abfee3b2,DİYARBAKIR,SUR,1227,6.0,365
TR-efe2229e99,DİYARBAKIR,SİLVAN,1252,6.0,365
TR-f7971bdf6e,DİYARBAKIR,YENİŞEHİR,358,6.0,365
TR-6bdbe6f75a,DİYARBAKIR,ÇERMİK,948,6.0,365
TR-bacce89e62,DİYARBAKIR,ÇINAR,1934,6.0,365
TR-3f58d794ac,DİYARBAKIR,ÇÜNGÜŞ,512,6.0,365
TR-0ce9a5e54b,EDİRNE,EDİRNE,0,2.0,365
TR-61f3e12e02,EDİRNE,ENEZ,455,2.0,365
TR-78eafc512a,EDİRNE,HAVSA,545,2.0,365
TR-1a9cec3161,EDİRNE,KEŞAN,1098,2.0,365
TR-c454275634,EDİRNE,LALAPAŞA,497,2.0,365
TR-eb184129c5,EDİRNE,MERİÇ,438,2.0,365
TR-3f9516e97f,EDİRNE,SÜLOĞLU(SÜLEOĞLU),0,2.0,365
TR-358ae93ebc,EDİRNE,UZUNKÖPRÜ,1185,2.0,365
TR-bd47818690,EDİRNE,İPSALA,741,2.0,365
TR-f38da8d579,ELAZIĞ,ALACAKAYA,318,4.0,365
TR-3489c65bb5,ELAZIĞ,ARICAK,354,4.0,365
TR-625465f466,ELAZIĞ,AĞIN,242,4.0,365
TR-7716d4bc4f,ELAZIĞ,BASKİL,1318,4.0,365
TR-4252858443,ELAZIĞ,ELAZIĞ,0,4.0,365
TR-da91be5181,ELAZIĞ,KARAKOÇAN,1049,4.0,365
TR-8d4ac5c703,ELAZIĞ,KEBAN,641,4.0,365
TR-3224b8ddc3,ELAZIĞ,KOVANCILAR,960,4.0,365
TR-83a3895164,ELAZIĞ,MADEN,819,4.0,365
TR-db313f8c9d,ELAZIĞ,PALU,730,4.0,365
TR-41f5e051e9,ELAZIĞ,SİVRİCE,710,4.0,365
TR-287bafe1ca,ERZURUM,AZİZİYE(ILICA),0,5.0,365
TR-20610c0e3a,ERZURUM,AŞKALE,1507,5.0,365
TR-5908f3143f,ERZURUM,HINIS,1367,5.0,365
TR-322cc94ef1,ERZURUM,HORASAN,1740,5.0,365
TR-83811c8279,ERZURUM,KARAYAZI,1953,5.0,365
TR-fae237ff7c,ERZURUM,KARAÇOBAN,571,5.0,365
TR-cfeb06a8e6,ERZURUM,KÖPRÜKÖY,777,5.0,365
TR-8c454cd8cb,ERZURUM,NARMAN,799,5.0,365
TR-a8ecabe671,ERZURUM,OLTU,1441,5.0,365
TR-fc488ddaab,ERZURUM,OLUR,893,5.0,365
TR-d501e81358,ERZURUM,PALANDÖKEN,667,5.0,365
TR-0e6cfaddc2,ERZURUM,PASİNLER,1134,5.0,365
TR-27d23bf9df,ERZURUM,PAZARYOLU,654,5.0,365
TR-3054383835,ERZURUM,TEKMAN,2102,5.0,365
TR-14e5a878df,ERZURUM,TORTUM,1463,5.0,365
TR-3d9ba1adba,ERZURUM,UZUNDERE,505,5.0,365
TR-c89cc69d33,ERZURUM,YAKUTİYE,945,5.0,365
TR-fe4520de46,ERZURUM,ÇAT,1448,5.0,365
TR-348b09edc8,ERZURUM,İSPİR,2129,5.0,365
TR-7ad696cb99,ERZURUM,ŞENKAYA,1381,5.0,365
TR-4a51e92d2d,ERZİNCAN,ERZİNCAN,0,4.0,365
TR-f7c53186ed,ERZİNCAN,ILIÇ(İLİÇ),0,4.0,365
TR-575586c6a9,ERZİNCAN,KEMAH,2311,4.0,365
TR-4b01a097ea,ERZİNCAN,KEMALİYE,1207,4.0,365
TR-00ed1a524d,ERZİNCAN,OTLUKBELİ,320,4.0,365
TR-cef886c37a,ERZİNCAN,REFAHİYE,1808,4.0,365
TR-1dfb0e2c39,ERZİNCAN,TERCAN,1614,4.0,365
TR-87d86c28e5,ERZİNCAN,ÇAYIRLI,1062,4.0,365
TR-c0fd99066b,ERZİNCAN,ÜZÜMLÜ,591,4.0,365
TR-542f455af2,ESKİŞEHİR,ALPU,1028,1.0,365
TR-90b0abd386,ESKİŞEHİR,BEYLİKOVA,715,1.0,365
TR-5c0ebd6a42,ESKİŞEHİR,GÜNYÜZÜ,828,1.0,365
TR-1bb18ad4e2,ESKİŞEHİR,HAN,378,1.0,365
TR-8da91c6e7e,ESKİŞEHİR,MAHMUDİYE,659,1.0,365
TR-05c52ba081,ESKİŞEHİR,MİHALGAZİ,109,1.0,365
TR-7bc1fdec0d,ESKİŞEHİR,MİHALIÇÇIK,1809,1.0,365
TR-8299560daa,ESKİŞEHİR,ODUNPAZARI,1120,1.0,365
TR-08e1fc1655,ESKİŞEHİR,SARICAKAYA,382,1.0,365
TR-76d269e4cc,ESKİŞEHİR,SEYİTGAZİ,1578,1.0,365
TR-3c148619d5,ESKİŞEHİR,SİVRİHİSAR,2748,1.0,365
TR-657ae6a220,ESKİŞEHİR,TEPEBAŞI,1403,1.0,365
TR-1c8e38ee82,ESKİŞEHİR,ÇİFTELER,858,1.0,365
TR-2bdadccaab,ESKİŞEHİR,İNÖNÜ,345,1.0,365
TR-8273cfb383,GAZİANTEP,ARABAN,592,3.0,365
TR-0257d507d5,GAZİANTEP,KARKAMIŞ,298,3.0,365
TR-a9e3567a2b,GAZİANTEP,NURDAĞI,697,3.0,365
TR-0abc3cedc9,GAZİANTEP,NİZİP,944,3.0,365
TR-6c3f755ce2,GAZİANTEP,OĞUZELİ,689,3.0,365
TR-5afecd9d07,GAZİANTEP,YAVUZELİ,468,3.0,365
TR-b4ce7e9736,GAZİANTEP,İSLAHİYE,865,3.0,365
TR-cee84e0ebf,GAZİANTEP,ŞAHİNBEY,960,3.0,365
TR-ed1cdd7128,GAZİANTEP,ŞEHİTKAMİL,1290,3.0,365
TR-6c1f87d240,GÜMÜŞHANE,GÜMÜŞHANE,0,5.0,365
TR-9b4ccfb744,GÜMÜŞHANE,KELKİT,1571,5.0,365
TR-40e95a47e3,GÜMÜŞHANE,KÖSE,353,5.0,365
TR-76ee26a566,GÜMÜŞHANE,KÜRTÜN,917,5.0,365
TR-5e600a2524,GÜMÜŞHANE,TORUL,973,5.0,365
TR-5571da1c6d,GÜMÜŞHANE,ŞİRAN,965,5.0,365
TR-5aebe70bb0,GİRESUN,ALUCRA,1138,5.0,365
TR-319f868bc3,GİRESUN,BULANCAK,721,5.0,365
TR-77c87a8cc5,GİRESUN,DERELİ,849,5.0,365
TR-6224631142,GİRESUN,DOĞANKENT,110,5.0,365
TR-9a4236a367,GİRESUN,ESPİYE,248,5.0,365
TR-6cf532233e,GİRESUN,EYNESİL,51,5.0,365
TR-4753f39afb,GİRESUN,GÖRELE,237,5.0,365
TR-5163a5d4a6,GİRESUN,GÜCE,351,5.0,365
TR-6d6eec7aeb,GİRESUN,GİRESUN,0,5.0,365
TR-b7614f4c5b,GİRESUN,KEŞAP,197,5.0,365
TR-0d2af3b14a,GİRESUN,PİRAZİZ,127,5.0,365
TR-055c0de75f,GİRESUN,TİREBOLU,259,5.0,365
TR-94a943807f,GİRESUN,YAĞLIDERE,327,5.0,365
TR-348bf62d6b,GİRESUN,ÇAMOLUK,444,5.0,365
TR-dec4608cd9,GİRESUN,ÇANAKÇI,142,5.0,365
TR-59d17e4c81,GİRESUN,ŞEBİNKARAHİSAR,1396,5.0,365
TR-cee5e5c2a0,HAKKARİ,HAKKARİ,0,6.0,365
TR-11bb92ea92,HAKKARİ,YÜKSEKOVA,0,6.0,365
TR-1144f4931c,HAKKARİ,ÇUKURCA,0,6.0,365
TR-df71a3b0f5,HAKKARİ,ŞEMDİNLİ,0,6.0,365
TR-aba26f2627,HATAY,ALTINÖZÜ,392,4.0,365
TR-d102621bbd,HATAY,ANTAKYA,703,4.0,365
TR-b628c2c4a0,HATAY,BELEN,184,4.0,365
TR-c27e5ce9fb,HATAY,DÖRTYOL,342,4.0,365
TR-6da13e5410,HATAY,ERZİN,258,4.0,365
TR-bcdbbed4f5,HATAY,HASSA,520,4.0,365
TR-24b7c65e51,HATAY,KIRIKHAN,715,4.0,365
TR-5c6726e774,HATAY,KUMLU,193,4.0,365
TR-b3db733624,HATAY,REYHANLI,367,4.0,365
TR-e396f8accb,HATAY,SAMANDAĞ,384,4.0,365
TR-3eb15c39d3,HATAY,YAYLADAĞI,445,4.0,365
TR-7124a4b700,HATAY,İSKENDERUN,247,4.0,365
TR-ec52c31381,ISPARTA,AKSU,544,2.0,365
TR-42010a34b9,ISPARTA,ATABEY,223,2.0,365
TR-253f73c97d,ISPARTA,EĞİRDİR(EĞRİDİR),0,2.0,365
TR-423a51fb80,ISPARTA,GELENDOST,610,2.0,365
TR-af0df99282,ISPARTA,GÖNEN,285,2.0,365
TR-7a65203fa1,ISPARTA,ISPARTA,0,2.0,365
TR-ac16534994,ISPARTA,KEÇİBORLU,494,2.0,365
TR-0b1a45b94a,ISPARTA,SENİRKENT,521,2.0,365
TR-4e30782eae,ISPARTA,SÜTÇÜLER,1235,2.0,365
TR-f7cb2f2f08,ISPARTA,ULUBORLU,240,2.0,365
TR-e48e84ba1b,ISPARTA,YALVAÇ,1402,2.0,365
TR-347feb61db,ISPARTA,YENİŞARBADEMLİ,237,2.0,365
TR-0f2acc036e,ISPARTA,ŞARKİKARAAĞAÇ,1068,2.0,365
TR-3b7dd926cc,IĞDIR,ARALIK,852,6.0,365
TR-4f78ac5a7d,IĞDIR,IĞDIR,0,6.0,365
TR-2571499491,IĞDIR,KARAKOYUNLU,269,6.0,365
TR-b88a265d2b,IĞDIR,TUZLUCA,1270,6.0,365
TR-212ab222b4,KAHRAMANMARAŞ,AFŞİN,1502,5.0,365
TR-993c43bb3e,KAHRAMANMARAŞ,ANDIRIN,1202,5.0,365
TR-99f0e58b63,KAHRAMANMARAŞ,EKİNÖZÜ,656,5.0,365
TR-d8033bd2da,KAHRAMANMARAŞ,ELBİSTAN,2201,5.0,365
TR-5b39ad51c4,KAHRAMANMARAŞ,GÖKSUN,1942,5.0,365
TR-6c6065dc51,KAHRAMANMARAŞ,KAHRAMANMARAŞ,0,5.0,365
TR-29f1f719a9,KAHRAMANMARAŞ,NURHAK,1028,5.0,365
TR-6ac3e9e827,KAHRAMANMARAŞ,PAZARCIK,1253,5.0,365
TR-b27caaf22f,KAHRAMANMARAŞ,TÜRKOĞLU,660,5.0,365
TR-5bcbf3d882,KAHRAMANMARAŞ,ÇAĞLIYANCERİT,0,5.0,365
TR-01dd4e4074,KARABÜK,EFLANİ,674,3.0,365
TR-2d16be145d,KARABÜK,ESKİPAZAR,754,3.0,365
TR-f73c6979a4,KARABÜK,KARABÜK,0,3.0,365
TR-8246cc4fd7,KARABÜK,OVACIK,398,3.0,365
TR-8cb2c77b75,KARABÜK,SAFRANBOLU,750,3.0,365
TR-18f44b5c43,KARABÜK,YENİCE,777,3.0,365
TR-30968483a0,KARAMAN,AYRANCI,2245,3.0,365
TR-d301cd1953,KARAMAN,BAŞYAYLA,141,3.0,365
TR-6338774885,KARAMAN,ERMENEK,1242,3.0,365
TR-e8504bd2c3,KARAMAN,KARAMAN,0,3.0,365
TR-8ab5addeb0,KARAMAN,KAZIMKARABEKİR,0,3.0,365
TR-47989c3a99,KARAMAN,SARIVELİLER,590,3.0,365
TR-648516c1e8,KARS,AKYAKA,417,6.0,365
TR-feab3d4625,KARS,ARPAÇAY,1165,6.0,365
TR-d30f111ea3,KARS,DİGOR,1092,6.0,365
TR-8748f6e493,KARS,KARS,0,6.0,365
TR-d2f76f1949,KARS,KAĞIZMAN,1871,6.0,365
TR-c9aae557cd,KARS,SARIKAMIŞ,2038,6.0,365
TR-264bf4dbf7,KARS,SELİM,982,6.0,365
TR-5010f28cfa,KARS,SUSUZ,578,6.0,365
TR-a6caa60f8c,KASTAMONU,ABANA,28,4.0,365
TR-4d69c43ef1,KASTAMONU,ARAÇ,1446,4.0,365
TR-23ffc01fc7,KASTAMONU,AZDAVAY,759,4.0,365
TR-3162663cee,KASTAMONU,AĞLI,225,4.0,365
TR-26cca610f8,KASTAMONU,BOZKURT,308,4.0,365
TR-bf3d453e10,KASTAMONU,CİDE,652,4.0,365
TR-af30454a96,KASTAMONU,DADAY,843,4.0,365
TR-02108b59c0,KASTAMONU,DEVREKANİ,0,4.0,365
TR-9a6d692b63,KASTAMONU,DOĞANYURT,193,4.0,365
TR-d81b1cd047,KASTAMONU,HANÖNÜ(GÖKÇEAĞAÇ),0,4.0,365
TR-c337c6ba4c,KASTAMONU,KASTAMONU,0,4.0,365
TR-dd2d1c49ae,KASTAMONU,KÜRE,406,4.0,365
TR-0d3fca166f,KASTAMONU,PINARBAŞI,546,4.0,365
TR-097221b3ce,KASTAMONU,SEYDİLER,233,4.0,365
TR-0f4a048253,KASTAMONU,TAŞKÖPRÜ,1758,4.0,365
TR-b27b09221a,KASTAMONU,TOSYA,1302,4.0,365
TR-4ef2d64c94,KASTAMONU,ÇATALZEYTİN,272,4.0,365
TR-e11d8282bc,KASTAMONU,İHSANGAZİ,445,4.0,365
TR-b6c46b385b,KASTAMONU,İNEBOLU,417,4.0,365
TR-8972ec9f1c,KASTAMONU,ŞENPAZAR,252,4.0,365
TR-aa05ecd0e0,KAYSERİ,AKKIŞLA,371,2.0,365
TR-2481345cd5,KAYSERİ,BÜNYAN,1210,2.0,365
TR-6cafea5b64,KAYSERİ,DEVELİ,1892,2.0,365
TR-1ef6fd27e5,KAYSERİ,FELAHİYE,444,2.0,365
TR-f92aae1020,KAYSERİ,HACILAR,187,2.0,365
TR-d191d000f4,KAYSERİ,KOCASİNAN,1471,2.0,365
TR-b968c282d8,KAYSERİ,MELİKGAZİ,668,2.0,365
TR-0f0a2e4e63,KAYSERİ,PINARBAŞI,3418,2.0,365
TR-bb727fc1f1,KAYSERİ,SARIOĞLAN,642,2.0,365
TR-b17f961f62,KAYSERİ,SARIZ,1173,2.0,365
TR-6d1d7121a0,KAYSERİ,TALAS,444,2.0,365
TR-bb66cbac86,KAYSERİ,TOMARZA,1405,2.0,365
TR-b259be51b5,KAYSERİ,YAHYALI,1587,2.0,365
TR-d69eb2a3b2,KAYSERİ,YEŞİLHİSAR,913,2.0,365
TR-3a03b896b4,KAYSERİ,ÖZVATAN(ÇUKUR),0,2.0,365
TR-94f9c71e8b,KAYSERİ,İNCESU,874,2.0,365
TR-7fdea2fd65,KIRIKKALE,BAHŞİLİ,266,4.0,365
TR-210202798e,KIRIKKALE,BALIŞEYH,623,4.0,365
TR-8931cc3cc0,KIRIKKALE,DELİCE,970,4.0,365
TR-496605ce57,KIRIKKALE,KARAKEÇİLİ,137,4.0,365
TR-f99b499600,KIRIKKALE,KESKİN,1129,4.0,365
TR-4e643cfa33,KIRIKKALE,KIRIKKALE,0,4.0,365
TR-a50d3d77c4,KIRIKKALE,SULAKYURT,708,4.0,365
TR-f6a976aca2,KIRIKKALE,YAHŞİHAN,304,4.0,365
TR-22d238bb57,KIRIKKALE,ÇELEBİ,223,4.0,365
TR-5bd9d9b899,KIRKLARELİ,BABAESKİ,670,2.0,365
TR-11e4517c3f,KIRKLARELİ,DEMİRKÖY,893,2.0,365
TR-7cf34f014c,KIRKLARELİ,KIRKLARELİ,0,2.0,365
TR-f0bc63fc86,KIRKLARELİ,KOFÇAZ,545,2.0,365
TR-b2bf8b2962,KIRKLARELİ,LÜLEBURGAZ,1016,2.0,365
TR-027ad7a8a8,KIRKLARELİ,PEHLİVANKÖY,104,2.0,365
TR-229245abbf,KIRKLARELİ,PINARHİSAR,518,2.0,365
TR-69295f1f94,KIRKLARELİ,VİZE,1090,2.0,365
TR-86e0390020,KIRŞEHİR,AKPINAR,582,4.0,365
TR-9ace4c8775,KIRŞEHİR,AKÇAKENT,370,4.0,365
TR-3f25fe77d9,KIRŞEHİR,BOZTEPE,747,4.0,365
TR-1bc3e53eac,KIRŞEHİR,KAMAN,1284,4.0,365
TR-4ced676c07,KIRŞEHİR,KIRŞEHİR,0,4.0,365
TR-d76a8de994,KIRŞEHİR,MUCUR,992,4.0,365
TR-28742aa732,KIRŞEHİR,ÇİÇEKDAĞI,891,4.0,365
TR-a25436b53f,KOCAELİ,BAŞİSKELE,209,1.0,365
TR-e0926a3962,KOCAELİ,DARICA,23,1.0,365
TR-16992674d6,KOCAELİ,DERİNCE,198,1.0,365
TR-0a99ff4798,KOCAELİ,DİLOVASI,125,1.0,365
TR-de69454a64,KOCAELİ,GEBZE,418,1.0,365
TR-7f98c9de0f,KOCAELİ,GÖLCÜK,217,1.0,365
TR-5f838d038e,KOCAELİ,KANDIRA,840,1.0,365
TR-7ab4126e04,KOCAELİ,KARAMÜRSEL,262,1.0,365
TR-d7e9726e62,KOCAELİ,KARTEPE,301,1.0,365
TR-1485416c8d,KOCAELİ,KÖRFEZ(TÜTÜNÇİFTLİK),0,1.0,365
TR-91507d1404,KOCAELİ,ÇAYIROVA,23,1.0,365
TR-114fa678d7,KOCAELİ,İZMİT,480,1.0,365
TR-988631d9da,KONYA,AHIRLI,325,2.0,365
TR-1536d7cc89,KONYA,AKÖREN,640,2.0,365
TR-4f71b26d5e,KONYA,AKŞEHİR,895,2.0,365
TR-f66eb917e7,KONYA,ALTINEKİN,1312,2.0,365
TR-2a96f5ef59,KONYA,BEYŞEHİR,2054,2.0,365
TR-a67d1d4082,KONYA,BOZKIR,1105,2.0,365
TR-d5982b5f39,KONYA,CİHANBEYLİ,3702,2.0,365
TR-d99d8d7f93,KONYA,DERBENT,359,2.0,365
TR-c74378dc6c,KONYA,DEREBUCAK,451,2.0,365
TR-af7cc70bd2,KONYA,DOĞANHİSAR,482,2.0,365
TR-04e565eb1e,KONYA,EMİRGAZİ,798,2.0,365
TR-a00421d6bc,KONYA,EREĞLİ,2214,2.0,365
TR-d9a5c6f66e,KONYA,GÜNEYSINIR,482,2.0,365
TR-c484a0abb7,KONYA,HADİM,1165,2.0,365
TR-9fa43010ae,KONYA,HALKAPINAR,605,2.0,365
TR-9e1fe45114,KONYA,HÜYÜK,443,2.0,365
TR-ea48bbb5d9,KONYA,ILGIN,1636,2.0,365
TR-4c4406ba80,KONYA,KADINHANI,1568,2.0,365
TR-b4d5c51541,KONYA,KARAPINAR,2623,2.0,365
TR-9a4839bf54,KONYA,KARATAY,2832,2.0,365
TR-53d80c19e0,KONYA,KULU,2234,2.0,365
TR-30849b1c8d,KONYA,MERAM,1822,2.0,365
TR-6edd5020c4,KONYA,SARAYÖNÜ,1620,2.0,365
TR-e7b55f7bf7,KONYA,SELÇUKLU,1931,2.0,365
TR-068b98094c,KONYA,SEYDİŞEHİR,1458,2.0,365
TR-b9758137c3,KONYA,TAŞKENT,457,2.0,365
TR-365d71c6ee,KONYA,TUZLUKÇU,704,2.0,365
TR-bee7c052c7,KONYA,YALIHÜYÜK,94,2.0,365
TR-3139ee61a8,KONYA,YUNAK,2101,2.0,365
TR-21efe03ee6,KONYA,ÇELTİK,640,2.0,365
TR-656c45a74e,KONYA,ÇUMRA,2089,2.0,365
TR-db369459ae,KÜTAHYA,ALTINTAŞ,941,4.0,365
TR-9f7f8b6fbc,KÜTAHYA,ASLANAPA,731,4.0,365
TR-3bb49be437,KÜTAHYA,DOMANİÇ,539,4.0,365
TR-0bc973fb64,KÜTAHYA,DUMLUPINAR,250,4.0,365
TR-485ca0c3a3,KÜTAHYA,EMET,951,4.0,365
TR-ba99f6c18e,KÜTAHYA,GEDİZ,1193,4.0,365
TR-1316d26766,KÜTAHYA,HİSARCIK,370,4.0,365
TR-708c82b6c9,KÜTAHYA,KÜTAHYA,0,4.0,365
TR-aa7114bbbd,KÜTAHYA,PAZARLAR,115,4.0,365
TR-defc8fb5bb,KÜTAHYA,SİMAV,1515,4.0,365
TR-33866787d4,KÜTAHYA,TAVŞANLI,1899,4.0,365
TR-85543a21dd,KÜTAHYA,ÇAVDARHİSAR,429,4.0,365
TR-5aa1878523,KÜTAHYA,ŞAPHANE,229,4.0,365
TR-eacb115273,KİLİS,ELBEYLİ,238,5.0,365
TR-4aa8ead7cc,KİLİS,KİLİS,0,5.0,365
TR-b0fb92f94c,KİLİS,MUSABEYLİ,346,5.0,365
TR-18282a26f1,KİLİS,POLATELİ,218,5.0,365
TR-ffe86b5109,MALATYA,AKÇADAĞ,1118,4.0,365
TR-15de22a4f8,MALATYA,ARAPKİR(ARAPGİR),0,4.0,365
TR-1495bab343,MALATYA,ARGUVAN,1096,4.0,365
TR-b8d959be37,MALATYA,BATTALGAZİ,947,4.0,365
TR-497fe1cf03,MALATYA,DARENDE,1482,4.0,365
TR-91e46a88f8,MALATYA,DOĞANYOL,177,4.0,365
TR-65565eb800,MALATYA,DOĞANŞEHİR,1364,4.0,365
TR-43d843b5ae,MALATYA,HEKİMHAN,1514,4.0,365
TR-7eb356e95b,MALATYA,KALE,237,4.0,365
TR-9be9737aa1,MALATYA,KULUNCAK,645,4.0,365
TR-a36b6cbdd3,MALATYA,MALATYA,0,4.0,365
TR-1d1d1e9104,MALATYA,PÜTÜRGE(PÖTÜRGE),0,4.0,365
TR-ed2e1c73fe,MALATYA,YAZIHAN,653,4.0,365
TR-e3613f4657,MALATYA,YEŞİLYURT,953,4.0,365
TR-1c7d63550d,MANİSA,AHMETLİ,227,3.0,365
TR-98630c014d,MANİSA,AKHİSAR,1645,3.0,365
TR-aa33d80033,MANİSA,ALAŞEHİR,971,3.0,365
TR-a93f27d48d,MANİSA,DEMİRCİ,1321,3.0,365
TR-40d7cada0c,MANİSA,GÖLMARMARA,310,3.0,365
TR-5a3af89829,MANİSA,GÖRDES,902,3.0,365
TR-f0885e36cb,MANİSA,KIRKAĞAÇ,541,3.0,365
TR-3758fb3fca,MANİSA,KULA,981,3.0,365
TR-94e8fef059,MANİSA,KÖPRÜBAŞI,447,3.0,365
TR-ae1912de99,MANİSA,MANİSA,0,3.0,365
TR-6b3f6d011f,MANİSA,SALİHLİ,1359,3.0,365
TR-17c5fa87d8,MANİSA,SARIGÖL,432,3.0,365
TR-8d605ac733,MANİSA,SARUHANLI,771,3.0,365
TR-dc78cdcf42,MANİSA,SELENDİ,726,3.0,365
TR-be23dcafa1,MANİSA,SOMA,820,3.0,365
TR-26cf1aed68,MANİSA,TURGUTLU,549,3.0,365
TR-18f5627920,MARDİN,DARGEÇİT,519,6.0,365
TR-a6d8b4c121,MARDİN,DERİK,1381,6.0,365
TR-0842b2617e,MARDİN,KIZILTEPE,1236,6.0,365
TR-6c8c7b5832,MARDİN,MARDİN,0,6.0,365
TR-9ac583b9d4,MARDİN,MAZIDAĞI,850,6.0,365
TR-1e30779ce8,MARDİN,MİDYAT(ESTEL),0,6.0,365
TR-a51bfaf2bf,MARDİN,NUSAYBİN,1079,6.0,365
TR-1e6fa88e95,MARDİN,SAVUR,962,6.0,365
TR-2477a161c5,MARDİN,YEŞİLLİ,168,6.0,365
TR-1803ae1f0f,MARDİN,ÖMERLİ,458,6.0,365
TR-803a919118,MERSİN(İÇEL),AKDENİZ,0,3.0,365
TR-d0ab088635,MERSİN(İÇEL),ANAMUR,0,3.0,365
TR-cf6b4c7d9a,MERSİN(İÇEL),AYDINCIK,0,3.0,365
TR-7ba642e59a,MERSİN(İÇEL),BOZYAZI,0,3.0,365
TR-12b8ae77bd,MERSİN(İÇEL),ERDEMLİ,0,3.0,365
TR-51c1acb869,MERSİN(İÇEL),GÜLNAR (GÜLPINAR),0,3.0,365
TR-e4c462a713,MERSİN(İÇEL),MEZİTLİ,0,3.0,365
TR-f9c73e7f0b,MERSİN(İÇEL),MUT,0,3.0,365
TR-99952ddc81,MERSİN(İÇEL),SİLİFKE,0,3.0,365
TR-9bd34d32e4,MERSİN(İÇEL),TARSUS,0,3.0,365
TR-b8df6e2b61,MERSİN(İÇEL),TOROSLAR,0,3.0,365
TR-775581ea4f,MERSİN(İÇEL),YENİŞEHİR,0,3.0,365
TR-0959186080,MERSİN(İÇEL),ÇAMLIYAYLA,0,3.0,365
TR-835915660d,MUĞLA,BODRUM,650,1.0,365
TR-0adc23cfac,MUĞLA,DALAMAN,608,1.0,365
TR-8df636e5d8,MUĞLA,DATÇA,436,1.0,365
TR-b70f917be4,MUĞLA,FETHİYE,875,1.0,365
TR-3285f09740,MUĞLA,KAVAKLIDERE,302,1.0,365
TR-8da789c435,MUĞLA,KÖYCEĞİZ,1329,1.0,365
TR-9e1c10eede,MUĞLA,MARMARİS,906,1.0,365
TR-cb75c26a4a,MUĞLA,MUĞLA,0,1.0,365
TR-0c72b7c1b5,MUĞLA,MİLAS,2067,1.0,365
TR-b78d920f4b,MUĞLA,ORTACA,285,1.0,365
TR-f1f2ae6882,MUĞLA,ULA,479,1.0,365
TR-50631d09b8,MUĞLA,YATAĞAN,851,1.0,365
TR-4254ef6dc8,MUŞ,BULANIK,1948,6.0,365
TR-9d9c5875dd,MUŞ,HASKÖY,264,6.0,365
TR-5a8206ecee,MUŞ,KORKUT,775,6.0,365
TR-1ff1a8e897,MUŞ,MALAZGİRT,1595,6.0,365
TR-eca3eeeab4,MUŞ,MUŞ,0,6.0,365
TR-80c25773b4,MUŞ,VARTO,1318,6.0,365
TR-e32bb1147b,NEVŞEHİR,ACIGÖL,456,4.0,365
TR-d962785257,NEVŞEHİR,AVANOS,995,4.0,365
TR-a3bc7af4f8,NEVŞEHİR,DERİNKUYU,473,4.0,365
TR-e1a05963c6,NEVŞEHİR,GÜLŞEHİR,879,4.0,365
TR-ba6604830f,NEVŞEHİR,HACIBEKTAŞ,750,4.0,365
TR-b195a19fa3,NEVŞEHİR,KOZAKLI,772,4.0,365
TR-14a74802d5,NEVŞEHİR,NEVŞEHİR,0,4.0,365
TR-d3d69c0f54,NEVŞEHİR,ÜRGÜP,587,4.0,365
TR-a5a4da78c2,NİĞDE,ALTUNHİSAR,552,5.0,365
TR-87b533a43c,NİĞDE,BOR,1522,5.0,365
TR-d1c130a17f,NİĞDE,NİĞDE,0,5.0,365
TR-ef6c735526,NİĞDE,ULUKIŞLA,1375,5.0,365
TR-83977249f5,NİĞDE,ÇAMARDI,1163,5.0,365
TR-6bf3bab281,NİĞDE,ÇİFTLİK(ÖZYURT),0,5.0,365
TR-be6435e3c4,ORDU,AKKUŞ,697,5.0,365
TR-f75c55e5f8,ORDU,AYBASTI,250,5.0,365
TR-6e8a069583,ORDU,FATSA,363,5.0,365
TR-1bffe39db9,ORDU,GÖLKÖY,421,5.0,365
TR-51b48844bb,ORDU,GÜLYALI,62,5.0,365
TR-464d886967,ORDU,GÜRGENTEPE,185,5.0,365
TR-cb8baf25a0,ORDU,KABADÜZ(KARADÜZ),0,5.0,365
TR-a534824aab,ORDU,KABATAŞ,74,5.0,365
TR-d2ea53152f,ORDU,KORGAN,254,5.0,365
TR-0901911c09,ORDU,KUMRU,296,5.0,365
TR-617eb7ec26,ORDU,MESUDİYE,1046,5.0,365
TR-538ae5c9c7,ORDU,ORDU,0,5.0,365
TR-90e6afbe63,ORDU,PERŞEMBE,217,5.0,365
TR-399b96f0b2,ORDU,ULUBEY,295,5.0,365
TR-92e9de32d5,ORDU,ÇAMAŞ,81,5.0,365
TR-5d1be84f3a,ORDU,ÇATALPINAR,101,5.0,365
TR-bf5b1e1bb7,ORDU,ÇAYBAŞI,102,5.0,365
TR-1396d8def9,ORDU,ÜNYE,569,5.0,365
TR-24d9a2f2a3,ORDU,İKİZCE,148,5.0,365
TR-bb493da872,OSMANİYE,BAHÇE,208,5.0,365
TR-bffee7c8c1,OSMANİYE,DÜZİÇİ,595,5.0,365
TR-ebe3f0420d,OSMANİYE,HASANBEYLİ,168,5.0,365
TR-f6f727054a,OSMANİYE,KADİRLİ,1021,5.0,365
TR-25b9e7fb15,OSMANİYE,OSMANİYE,0,5.0,365
TR-9dc08152df,OSMANİYE,SUMBAS,358,5.0,365
TR-fe17bcd0c0,OSMANİYE,TOPRAKKALE,112,5.0,365
TR-ca84e7a418,RİZE,ARDEŞEN,376,4.0,365
TR-201b36c61f,RİZE,DEREPAZARI,28,4.0,365
TR-67ab41ea3a,RİZE,FINDIKLI,383,4.0,365
TR-cdea90c1f9,RİZE,GÜNEYSU,159,4.0,365
TR-e46c01697b,RİZE,HEMŞİN,134,4.0,365
TR-86ad4589f2,RİZE,KALKANDERE,107,4.0,365
TR-b4535aafe1,RİZE,PAZAR,173,4.0,365
TR-0da8ba19e6,RİZE,RİZE,0,4.0,365
TR-f8306cab0d,RİZE,ÇAMLIHEMŞİN,897,4.0,365
TR-a47431e3f1,RİZE,ÇAYELİ,442,4.0,365
TR-c9f6d3390d,RİZE,İKİZDERE,855,4.0,365
TR-01e7b4264c,RİZE,İYİDERE,28,4.0,365
TR-b071b8df95,SAKARYA,ADAPAZARI,324,2.0,365
TR-6ecc6fc74b,SAKARYA,AKYAZI,628,2.0,365
TR-4db9f9adb6,SAKARYA,ARİFİYE,75,2.0,365
TR-698a52e2e8,SAKARYA,ERENLER,136,2.0,365
TR-f4b3b282bc,SAKARYA,FERİZLİ,173,2.0,365
TR-947899331c,SAKARYA,GEYVE,662,2.0,365
TR-969799c4fa,SAKARYA,HENDEK,646,2.0,365
TR-92b9f0c6b3,SAKARYA,KARAPÜRÇEK,142,2.0,365
TR-b348934888,SAKARYA,KARASU,411,2.0,365
TR-fec668e511,SAKARYA,KAYNARCA,343,2.0,365
TR-fae0c382df,SAKARYA,KOCAALİ,254,2.0,365
TR-417b68ad73,SAKARYA,PAMUKOVA,289,2.0,365
TR-bfd5f3612a,SAKARYA,SAPANCA,173,2.0,365
TR-26848cb068,SAKARYA,SERDİVAN,130,2.0,365
TR-cdd1799352,SAKARYA,SÖĞÜTLÜ,145,2.0,365
TR-40ba654ace,SAKARYA,TARAKLI,292,2.0,365
TR-84a953cf08,SAMSUN,ALAÇAM,598,3.0,365
TR-0f2eb17e78,SAMSUN,ASARCIK,253,3.0,365
TR-2a2e45355c,SAMSUN,ATAKUM,351,3.0,365
TR-dff413f8cb,SAMSUN,AYVACIK,382,3.0,365
TR-731bb02944,SAMSUN,BAFRA,1503,3.0,365
TR-439aa196e3,SAMSUN,CANİK,264,3.0,365
TR-5dac5f248b,SAMSUN,HAVZA,865,3.0,365
TR-7e45ce7f7e,SAMSUN,KAVAK,697,3.0,365
TR-f5ba3b7577,SAMSUN,LADİK,541,3.0,365
TR-9689e18f70,SAMSUN,ONDOKUZMAYIS(BALLICA),0,3.0,365
TR-c04462d8c6,SAMSUN,SALIPAZARI,356,3.0,365
TR-6704af1be1,SAMSUN,TEKKEKÖY,326,3.0,365
TR-fd1f7f9bb4,SAMSUN,TERME,548,3.0,365
TR-7b2c9e886f,SAMSUN,VEZİRKÖPRÜ,1674,3.0,365
TR-3e9ea5c6a2,SAMSUN,YAKAKENT,204,3.0,365
TR-72a1716a9d,SAMSUN,ÇARŞAMBA,774,3.0,365
TR-436a0c3d4e,SAMSUN,İLKADIM,155,3.0,365
TR-36d25e9daa,SİNOP,AYANCIK,862,5.0,365
TR-92ccaf3364,SİNOP,BOYABAT,1512,5.0,365
TR-1b88f75126,SİNOP,DURAĞAN,995,5.0,365
TR-2f6f13448f,SİNOP,DİKMEN,411,5.0,365
TR-bdb1d116c0,SİNOP,ERFELEK,412,5.0,365
TR-0d4cfdddc2,SİNOP,GERZE,487,5.0,365
TR-2beae14df4,SİNOP,SARAYDÜZÜ,334,5.0,365
TR-f54aea5e6d,SİNOP,SİNOP,0,5.0,365
TR-bce6741b36,SİNOP,TÜRKELİ,263,5.0,365
TR-8e8b266a88,SİVAS,AKINCILAR,432,4.0,365
TR-281e224f0b,SİVAS,ALTINYAYLA,654,4.0,365
TR-2311fd27db,SİVAS,DOĞANŞAR,370,4.0,365
TR-1541351bcc,SİVAS,DİVRİĞİ,2632,4.0,365
TR-46fdd48ccd,SİVAS,GEMEREK,1131,4.0,365
TR-ee09444e14,SİVAS,GÖLOVA,286,4.0,365
TR-f5bd85fb6a,SİVAS,GÜRÜN,2632,4.0,365
TR-79c8df41d2,SİVAS,HAFİK,1765,4.0,365
TR-0553c14ace,SİVAS,KANGAL,3342,4.0,365
TR-6efb3faeb9,SİVAS,KOYULHİSAR,891,4.0,365
TR-19ab2f374d,SİVAS,SUŞEHRİ,939,4.0,365
TR-34d8f1d241,SİVAS,SİVAS,0,4.0,365
TR-fd2cc837f9,SİVAS,ULAŞ,1092,4.0,365
TR-7322f5a981,SİVAS,YILDIZELİ,2529,4.0,365
TR-f62dd5469c,SİVAS,ZARA,2616,4.0,365
TR-a03035f36a,SİVAS,İMRANLI,1292,4.0,365
TR-2b1faf3c34,SİVAS,ŞARKIŞLA,2073,4.0,365
TR-bf5bc44bac,SİİRT,AYDINLAR,0,6.0,365
TR-2ea5fc808e,SİİRT,BAYKAN,488,6.0,365
TR-b4049b2095,SİİRT,ERUH,1061,6.0,365
TR-6ebddcfc4a,SİİRT,KURTALAN,811,6.0,365
TR-5e3cd2d23f,SİİRT,PERVARİ,1651,6.0,365
TR-81d8a42539,SİİRT,SİİRT,0,6.0,365
TR-3323d5f602,SİİRT,ŞİRVAN,936,6.0,365
TR-8984cfc0cc,TEKİRDAĞ,HAYRABOLU,1009,2.0,365
TR-bbf66a532f,TEKİRDAĞ,MALKARA,1243,2.0,365
TR-622dd724fd,TEKİRDAĞ,MARMARAEREĞLİSİ,0,2.0,365
TR-a2d5cfbe93,TEKİRDAĞ,MURATLI,388,2.0,365
TR-f12db01319,TEKİRDAĞ,SARAY,620,2.0,365
TR-28a63d8ce6,TEKİRDAĞ,TEKİRDAĞ,0,2.0,365
TR-eebeddfce4,TEKİRDAĞ,ÇERKEZKÖY,86,2.0,365
TR-dd353cdd72,TEKİRDAĞ,ÇORLU,531,2.0,365
TR-38dc1f8978,TEKİRDAĞ,ŞARKÖY,487,2.0,365
TR-34b5f282ff,TOKAT,ALMUS,1033,5.0,365
TR-66ddd5a5b8,TOKAT,ARTOVA,444,5.0,365
TR-b1c468e5e6,TOKAT,BAŞÇİFTLİK,246,5.0,365
TR-97ec8cb68d,TOKAT,ERBAA,1173,5.0,365
TR-d45fca5c48,TOKAT,NİKSAR,889,5.0,365
TR-7974574407,TOKAT,PAZAR,188,5.0,365
TR-8069036493,TOKAT,REŞADİYE,1102,5.0,365
TR-fd68f07635,TOKAT,SULUSARAY,266,5.0,365
TR-5bbf379e4b,TOKAT,TOKAT,0,5.0,365
TR-1e6a425c2e,TOKAT,TURHAL,940,5.0,365
TR-d73f30505e,TOKAT,YEŞİLYURT,280,5.0,365
TR-22ecb22459,TOKAT,ZİLE,1480,5.0,365
TR-bfc51c2e42,TRABZON,AKÇAABAT,375,3.0,365
TR-d5d9f57f88,TRABZON,ARAKLI,464,3.0,365
TR-e6a5929815,TRABZON,ARSİN,157,3.0,365
TR-d5544257e0,TRABZON,BEŞİKDÜZÜ,84,3.0,365
TR-97a5717c5a,TRABZON,DERNEKPAZARI,89,3.0,365
TR-dbcca3cfcd,TRABZON,DÜZKÖY,125,3.0,365
TR-6a782e6d0c,TRABZON,HAYRAT,244,3.0,365
TR-f4f99f050f,TRABZON,KÖPRÜBAŞI,189,3.0,365
TR-9fcd38003e,TRABZON,MAÇKA,925,3.0,365
TR-a58b08d657,TRABZON,OF,258,3.0,365
TR-67531204e9,TRABZON,SÜRMENE,166,3.0,365
TR-74dcca3300,TRABZON,TONYA,176,3.0,365
TR-42a7ad68ca,TRABZON,TRABZON,0,3.0,365
TR-3b770a2bf0,TRABZON,VAKFIKEBİR,141,3.0,365
TR-d8dd7a1917,TRABZON,YOMRA,200,3.0,365
TR-d907feb814,TRABZON,ÇARŞIBAŞI,66,3.0,365
TR-3952013b73,TRABZON,ÇAYKARA,574,3.0,365
TR-08c50ef281,TRABZON,ŞALPAZARI,161,3.0,365
TR-4312895cf0,TUNCELİ,HOZAT,663,5.0,365
TR-9fe217d022,TUNCELİ,MAZGİRT,702,5.0,365
TR-0032ee6932,TUNCELİ,NAZIMİYE,543,5.0,365
TR-ef8b0385d7,TUNCELİ,OVACIK,1401,5.0,365
TR-e231b8ff8b,TUNCELİ,PERTEK,858,5.0,365
TR-6557846730,TUNCELİ,PÜLÜMÜR,1437,5.0,365
TR-13b15b8d72,TUNCELİ,TUNCELİ,0,5.0,365
TR-47c1ae0c7e,TUNCELİ,ÇEMİŞGEZEK,851,5.0,365
TR-a7eebb9f21,UŞAK,BANAZ,1114,3.0,365
TR-954f599d7a,UŞAK,EŞME,1156,3.0,365
TR-3fa72c4b26,UŞAK,KARAHALLI,330,3.0,365
TR-2fcd18b983,UŞAK,SİVASLI,473,3.0,365
TR-26b057e533,UŞAK,ULUBEY,828,3.0,365
TR-204e5d71a9,UŞAK,UŞAK,0,3.0,365
TR-e61ac0eddf,VAN,BAHÇESARAY,426,6.0,365
TR-e6af28f2da,VAN,BAŞKALE,2727,6.0,365
TR-11052365ab,VAN,EDREMİT(GÜMÜŞDERE),0,6.0,365
TR-c8adf8443e,VAN,ERCİŞ,2133,6.0,365
TR-7e5214fc0f,VAN,GEVAŞ,1544,6.0,365
TR-f82436e6c3,VAN,GÜRPINAR,4028,6.0,365
TR-e230edb65f,VAN,MURADİYE,912,6.0,365
TR-d601069c7e,VAN,SARAY,872,6.0,365
TR-1950fc5aa5,VAN,VAN,0,6.0,365
TR-f3bf6a1c3d,VAN,ÇALDIRAN,1478,6.0,365
TR-0683fbd257,VAN,ÇATAK,1952,6.0,365
TR-f56b86fae3,VAN,ÖZALP,1430,6.0,365
TR-ed74f71545,YALOVA,ALTINOVA,113,2.0,365
TR-3598e50fbb,YALOVA,ARMUTLU,166,2.0,365
TR-6bfc828b39,YALOVA,TERMAL,67,2.0,365
TR-c952706732,YALOVA,YALOVA,0,2.0,365
TR-4e4a477757,YALOVA,ÇINARCIK,178,2.0,365
TR-28ba5b490c,YALOVA,ÇİFTLİKKÖY,136,2.0,365
TR-9648ef9150,YOZGAT,AKDAĞMADENİ,1810,5.0,365
TR-638b99a478,YOZGAT,AYDINCIK,338,5.0,365
TR-77d76fd274,YOZGAT,BOĞAZLIYAN,1515,5.0,365
TR-b548e4225e,YOZGAT,KADIŞEHRİ,472,5.0,365
TR-51d3d004ef,YOZGAT,SARAYKENT,319,5.0,365
TR-3bb185fa8a,YOZGAT,SARIKAYA,1018,5.0,365
TR-4f5cdb5e34,YOZGAT,SORGUN,1768,5.0,365
TR-2b7fcb7fa2,YOZGAT,YENİFAKILI,390,5.0,365
TR-d3b04c8d5d,YOZGAT,YERKÖY,1164,5.0,365
TR-ab2e156c14,YOZGAT,YOZGAT,0,5.0,365
TR-b8e87483e7,YOZGAT,ÇANDIR,205,5.0,365
TR-bc912d084b,YOZGAT,ÇAYIRALAN,995,5.0,365
TR-e1b987250a,YOZGAT,ÇEKEREK,790,5.0,365
TR-d6cd349c93,YOZGAT,ŞEFAATLİ,882,5.0,365
TR-a2904272fe,ZONGULDAK,ALAPLI,383,3.0,365
TR-b2a1de793e,ZONGULDAK,DEVREK,953,3.0,365
TR-d5e4326440,ZONGULDAK,GÖKÇEBEY,183,3.0,365
TR-f9058ff211,ZONGULDAK,KARADENİZEREĞLİ,0,3.0,365
TR-6613254d40,ZONGULDAK,ZONGULDAK,0,3.0,365
TR-5ef114b400,ZONGULDAK,ÇAYCUMA,492,3.0,365
TR-8151ec2ca1,ÇANAKKALE,AYVACIK,880,2.0,365
TR-42f22cbcc8,ÇANAKKALE,BAYRAMİÇ,1204,2.0,365
TR-2047673951,ÇANAKKALE,BOZCAADA,37,2.0,365
TR-c29743c340,ÇANAKKALE,BİGA,1310,2.0,365
TR-04cda49234,ÇANAKKALE,ECEABAT,430,2.0,365
TR-2544ce20e3,ÇANAKKALE,EZİNE,727,2.0,365
TR-12d2184087,ÇANAKKALE,GELİBOLU,823,2.0,365
TR-a0147613f3,ÇANAKKALE,GÖKÇEADA(İMROZ),0,2.0,365
TR-3f7aa3199b,ÇANAKKALE,LAPSEKİ,0,2.0,365
TR-928fca022a,ÇANAKKALE,YENİCE,1381,2.0,365
TR-6f71af581a,ÇANAKKALE,ÇAN,905,2.0,365
TR-d5a9061277,ÇANAKKALE,ÇANAKKALE,0,2.0,365
TR-a454254408,ÇANKIRI,ATKARACALAR,234,5.0,365
TR-d21326a9ce,ÇANKIRI,BAYRAMÖREN,310,5.0,365
TR-66d7e90cfb,ÇANKIRI,ELDİVAN,350,5.0,365
TR-bb3ad7b2a2,ÇANKIRI,ILGAZ,845,5.0,365
TR-c6be759bd0,ÇANKIRI,KIZILIRMAK,514,5.0,365
TR-6307a01ea0,ÇANKIRI,KORGUN,378,5.0,365
TR-efefc1101d,ÇANKIRI,KURŞUNLU,609,5.0,365
TR-ffc659f9e7,ÇANKIRI,ORTA,706,5.0,365
TR-fdec31027f,ÇANKIRI,YAPRAKLI,741,5.0,365
TR-e280f25433,ÇANKIRI,ÇANKIRI,0,5.0,365
TR-5660d4fbc7,ÇANKIRI,ÇERKEŞ,947,5.0,365
TR-c8ecee537c,ÇANKIRI,ŞABANÖZÜ,467,5.0,365
TR-14a21f881c,ÇORUM,ALACA,1296,4.0,365
TR-d38822e5ad,ÇORUM,BAYAT,717,4.0,365
TR-993ed2b9ab,ÇORUM,BOĞAZKALE,264,4.0,365
TR-4b7919e1e1,ÇORUM,DODURGA,229,4.0,365
TR-a6230d8c75,ÇORUM,KARGI,1174,4.0,365
TR-5a58211936,ÇORUM,LAÇİN,0,4.0,365
TR-3fd582415f,ÇORUM,MECİTÖZÜ,825,4.0,365
TR-4c214302a5,ÇORUM,ORTAKÖY,300,4.0,365
TR-f9075e3b7e,ÇORUM,OSMANCIK,1273,4.0,365
TR-cb28162b04,ÇORUM,OĞUZLAR(KARAÖREN),0,4.0,365
TR-413025dee6,ÇORUM,SUNGURLU,1999,4.0,365
TR-3629831d59,ÇORUM,UĞURLUDAĞ,428,4.0,365
TR-4fb873e699,ÇORUM,ÇORUM,0,4.0,365
TR-d2012e790e,ÇORUM,İSKİLİP,1170,4.0,365
TR-374651f8e4,İSTANBUL,ADALAR,11,1.0,365
TR-693efd6f62,İSTANBUL,ARNAVUTKÖY,453,1.0,365
TR-37eb586667,İSTANBUL,ATAŞEHİR,25,1.0,365
TR-87052831a0,İSTANBUL,AVCILAR,50,1.0,365
TR-47f0cdb49c,İSTANBUL,BAHÇELİEVLER,17,1.0,365
TR-e725275c62,İSTANBUL,BAKIRKÖY,29,1.0,365
TR-5ae247610f,İSTANBUL,BAYRAMPAŞA,9,1.0,365
TR-06fb3db9b7,İSTANBUL,BAĞCILAR,23,1.0,365
TR-63139a7dda,İSTANBUL,BAŞAKŞEHİR,107,1.0,365
TR-9909dafc55,İSTANBUL,BEYKOZ,310,1.0,365
TR-dd296f27a0,İSTANBUL,BEYLİKDÜZÜ,39,1.0,365
TR-a74029e832,İSTANBUL,BEYOĞLU,9,1.0,365
TR-f9c84a968d,İSTANBUL,BEŞİKTAŞ,18,1.0,365
TR-a337eeeba2,İSTANBUL,BÜYÜKÇEKMECE,173,1.0,365
TR-2541b754ed,İSTANBUL,ESENLER,19,1.0,365
TR-b06eb89071,İSTANBUL,ESENYURT,43,1.0,365
TR-e8d1d7f59e,İSTANBUL,EYÜP,228,1.0,365
TR-fcf8fbb9f4,İSTANBUL,FATİH,15,1.0,365
TR-427112846f,İSTANBUL,GAZİOSMANPAŞA,12,1.0,365
TR-884410c8ac,İSTANBUL,GÜNGÖREN,7,1.0,365
TR-2fb62af337,İSTANBUL,KADIKÖY,25,1.0,365
TR-14db037dbe,İSTANBUL,KARTAL,38,1.0,365
TR-71d1ab1d1b,İSTANBUL,KAĞITHANE,0,1.0,365
TR-bacebe5b22,İSTANBUL,KÜÇÜKÇEKMECE,44,1.0,365
TR-d92618ef00,İSTANBUL,MALTEPE,53,1.0,365
TR-410baa4db8,İSTANBUL,PENDİK,190,1.0,365
TR-2e8a3cd03f,İSTANBUL,SANCAKTEPE,63,1.0,365
TR-daef4f8f81,İSTANBUL,SARIYER,177,1.0,365
TR-7a8dad3195,İSTANBUL,SULTANBEYLİ,29,1.0,365
TR-38a4c0a26c,İSTANBUL,SULTANGAZİ,37,1.0,365
TR-956bc3e9a0,İSTANBUL,SİLİVRİ,858,1.0,365
TR-001bc55484,İSTANBUL,TUZLA,138,1.0,365
TR-5b6becc0f7,İSTANBUL,ZEYTİNBURNU,12,1.0,365
TR-a4ba68641c,İSTANBUL,ÇATALCA,1142,1.0,365
TR-d7ed8c6c39,İSTANBUL,ÇEKMEKÖY,152,1.0,365
TR-1a23b3fc6c,İSTANBUL,ÜMRANİYE,46,1.0,365
TR-55583f2fae,İSTANBUL,ÜSKÜDAR,35,1.0,365
TR-88aaeae982,İSTANBUL,ŞİLE,800,1.0,365
TR-6a8b08bf3e,İSTANBUL,ŞİŞLİ,10,1.0,365
TR-94c1c39830,İZMİR,ALİAĞA,379,1.0,365
TR-f12191b14a,İZMİR,BALÇOVA,16,1.0,365
TR-78730c511e,İZMİR,BAYINDIR,548,1.0,365
TR-e37f55d6a3,İZMİR,BAYRAKLI,30,1.0,365
TR-661e3d941f,İZMİR,BERGAMA,1544,1.0,365
TR-79fac7e690,İZMİR,BEYDAĞ,172,1.0,365
TR-dba5b9616f,İZMİR,BORNOVA,220,1.0,365
TR-19436be769,İZMİR,BUCA,178,1.0,365
TR-6b756f58d2,İZMİR,DİKİLİ,534,1.0,365
TR-db569c3b22,İZMİR,FOÇA,251,1.0,365
TR-5fe8828483,İZMİR,GAZİEMİR,70,1.0,365
TR-f73019071f,İZMİR,GÜZELBAHÇE,77,1.0,365
TR-1538e0abd3,İZMİR,KARABAĞLAR,89,1.0,365
TR-d789521942,İZMİR,KARABURUN,421,1.0,365
TR-660984e7f9,İZMİR,KARŞIYAKA,51,1.0,365
TR-80a5874bae,İZMİR,KEMALPAŞA,681,1.0,365
TR-601dc9b8ae,İZMİR,KINIK,479,1.0,365
TR-eb5ab17e08,İZMİR,KONAK,24,1.0,365
TR-e2a6e20d4b,İZMİR,KİRAZ,573,1.0,365
TR-76c1bb8581,İZMİR,MENDERES(CUMAOVASI),0,1.0,365
TR-76db60dd09,İZMİR,MENEMEN,573,1.0,365
TR-a93ad31e39,İZMİR,NARLIDERE,50,1.0,365
TR-36e995c75c,İZMİR,SEFERİHİSAR,375,1.0,365
TR-9da7ac167b,İZMİR,SELÇUK,317,1.0,365
TR-ca01948b82,İZMİR,TORBALI,577,1.0,365
TR-c6217b8cd8,İZMİR,TİRE,716,1.0,365
TR-fd5df85f48,İZMİR,URLA,727,1.0,365
TR-0e5cf10009,İZMİR,ÇEŞME,285,1.0,365
TR-f50a43ff6b,İZMİR,ÇİĞLİ,139,1.0,365
TR-a57c22b9fe,İZMİR,ÖDEMİŞ,1019,1.0,365
TR-f17198f772,ŞANLIURFA,AKÇAKALE,1038,6.0,365
TR-3ec459f989,ŞANLIURFA,BOZOVA,1329,6.0,365
TR-3de5e2bff4,ŞANLIURFA,BİRECİK,912,6.0,365
TR-68fc693cf8,ŞANLIURFA,CEYLANPINAR,1589,6.0,365
TR-9ba80dfa08,ŞANLIURFA,HALFETİ,609,6.0,365
TR-d3c7833e65,ŞANLIURFA,HARRAN,904,6.0,365
TR-0fca505235,ŞANLIURFA,HİLVAN,1111,6.0,365
TR-d5ee265291,ŞANLIURFA,SURUÇ,744,6.0,365
TR-278405a31f,ŞANLIURFA,SİVEREK,3936,6.0,365
TR-3ac43b80ce,ŞANLIURFA,VİRANŞEHİR,2297,6.0,365
TR-8bb11dc679,ŞANLIURFA,ŞANLIURFA,0,6.0,365
TR-a11d06c1cb,ŞIRNAK,BEYTÜŞŞEBAP,1647,6.0,365
TR-73a92cdaaa,ŞIRNAK,CİZRE,444,6.0,365
TR-f5677966c2,ŞIRNAK,GÜÇLÜKONAK,466,6.0,365
TR-e57ef74081,ŞIRNAK,SİLOPİ,831,6.0,365
TR-3b07fd3b63,ŞIRNAK,ULUDERE,841,6.0,365
TR-9a56128712,ŞIRNAK,İDİL,1148,6.0,365
TR-76a11dfefc,ŞIRNAK,ŞIRNAK,0,6.0,365
