il,ilce,yuzey_sinifi
ADANA,ALADAĞ(KARSANTI),Orman_ve_Doğa
ADANA,CEYHAN,Şehir_Yerleşimi
ADANA,ÇUKUROVA,Şehir_Yerleşimi
ADANA,FEKE,Tarım_Arazisi
ADANA,İMAMOĞLU,Şehir_Yerleşimi
ADANA,KARAİSALI,Şehir_Yerleşimi
ADANA,KARATAŞ,Şehir_Yerleşimi
ADANA,KOZAN,Şehir_Yerleşimi
ADANA,POZANTI,Şehir_Yerleşimi
ADANA,SAİMBEYLİ,Şehir_Yerleşimi
ADANA,SARIÇAM,Şehir_Yerleşimi
ADANA,SEYHAN,Şehir_Yerleşimi
ADANA,TUFANBEYLİ,Şehir_Yerleşimi
ADANA,YUMURTALIK,Su_Yüzeyi
ADANA,YÜREĞİR,Şehir_Yerleşimi
ADIYAMAN,ADIYAMAN,Şehir_Yerleşimi
ADIYAMAN,BESNİ,Şehir_Yerleşimi
ADIYAMAN,ÇELİKHAN,Şehir_Yerleşimi
ADIYAMAN,GERGER,Şehir_Yerleşimi
ADIYAMAN,GÖLBAŞI,Şehir_Yerleşimi
ADIYAMAN,KAHTA,Şehir_Yerleşimi
ADIYAMAN,SAMSAT,Şehir_Yerleşimi
ADIYAMAN,SİNCİK,Orman_ve_Doğa
ADIYAMAN,TUT,Şehir_Yerleşimi
AFYONKARAHİSAR,AFYON,Şehir_Yerleşimi
AFYONKARAHİSAR,BAŞMAKÇI,Şehir_Yerleşimi
AFYONKARAHİSAR,BAYAT,Tarım_Arazisi
AFYONKARAHİSAR,BOLVADİN,Şehir_Yerleşimi
AFYONKARAHİSAR,ÇAY,Şehir_Yerleşimi
AFYONKARAHİSAR,ÇOBANLAR,Şehir_Yerleşimi
AFYONKARAHİSAR,DAZKIRI,Şehir_Yerleşimi
AFYONKARAHİSAR,DİNAR,Şehir_Yerleşimi
AFYONKARAHİSAR,EMİRDAĞ,Şehir_Yerleşimi
AFYONKARAHİSAR,EVCİLER,Şehir_Yerleşimi
AFYONKARAHİSAR,HOCALAR,Tarım_Arazisi
AFYONKARAHİSAR,İHSANİYE,Şehir_Yerleşimi
AFYONKARAHİSAR,İSCEHİSAR,Şehir_Yerleşimi
AFYONKARAHİSAR,KIZILÖREN,Şehir_Yerleşimi
AFYONKARAHİSAR,SANDIKLI,Şehir_Yerleşimi
AFYONKARAHİSAR,SİNCANLI(SİNANPAŞA),Şehir_Yerleşimi
AFYONKARAHİSAR,SULTANDAĞI,Şehir_Yerleşimi
AFYONKARAHİSAR,ŞUHUT,Şehir_Yerleşimi
AĞRI,AĞRI,Şehir_Yerleşimi
AĞRI,DİYADİN,Şehir_Yerleşimi
AĞRI,DOĞUBAYAZIT(DOĞUBEYAZIT),Şehir_Yerleşimi
AĞRI,ELEŞKİRT,Şehir_Yerleşimi
AĞRI,HAMUR,Şehir_Yerleşimi
AĞRI,PATNOS,Şehir_Yerleşimi
AĞRI,TAŞLIÇAY,Şehir_Yerleşimi
AĞRI,TUTAK,Şehir_Yerleşimi
AMASYA,AMASYA,Şehir_Yerleşimi
AMASYA,GÖYNÜCEK,Şehir_Yerleşimi
AMASYA,GÜMÜŞHACIKÖY,Şehir_Yerleşimi
AMASYA,HAMAMÖZÜ,Şehir_Yerleşimi
AMASYA,MERZİFON,Şehir_Yerleşimi
AMASYA,SULUOVA,Şehir_Yerleşimi
AMASYA,TAŞOVA,Şehir_Yerleşimi
ANKARA,AKYURT,Şehir_Yerleşimi
ANKARA,ALTINDAĞ,Şehir_Yerleşimi
ANKARA,AYAŞ,Şehir_Yerleşimi
ANKARA,BALA,Şehir_Yerleşimi
ANKARA,BEYPAZARI,Şehir_Yerleşimi
ANKARA,ÇAMLIDERE,Şehir_Yerleşimi
ANKARA,ÇANKAYA,Tarım_Arazisi
ANKARA,ÇUBUK,Şehir_Yerleşimi
ANKARA,ELMADAĞ,Şehir_Yerleşimi
ANKARA,ETİMESGUT,Şehir_Yerleşimi
ANKARA,EVREN,Şehir_Yerleşimi
ANKARA,GÖLBAŞI,Şehir_Yerleşimi
ANKARA,GÜDÜL,Şehir_Yerleşimi
ANKARA,HAYMANA,Şehir_Yerleşimi
ANKARA,KALECİK,Şehir_Yerleşimi
ANKARA,KAZAN,Tarım_Arazisi
ANKARA,KEÇİÖREN,Tarım_Arazisi
ANKARA,KIZILCAHAMAM,Şehir_Yerleşimi
ANKARA,MAMAK,Tarım_Arazisi
ANKARA,NALLIHAN,Orman_ve_Doğa
ANKARA,POLATLI,Şehir_Yerleşimi
ANKARA,PURSAKLAR,Şehir_Yerleşimi
ANKARA,SİNCAN,Şehir_Yerleşimi
ANKARA,ŞEREFLİKOÇHİSAR,Orman_ve_Doğa
ANKARA,YENİMAHALLE,Şehir_Yerleşimi
ANTALYA,AKSEKİ,Orman_ve_Doğa
ANTALYA,AKSU,Orman_ve_Doğa
ANTALYA,ALANYA,Şehir_Yerleşimi
ANTALYA,DEMRE(KALE),Tarım_Arazisi
ANTALYA,DÖŞEMEALTI,Şehir_Yerleşimi
ANTALYA,ELMALI,Tarım_Arazisi
ANTALYA,FİNİKE,Şehir_Yerleşimi
ANTALYA,GAZİPAŞA,Şehir_Yerleşimi
ANTALYA,GÜNDOĞMUŞ,Şehir_Yerleşimi
ANTALYA,İBRADI(AYDINKENT),Orman_ve_Doğa
ANTALYA,KAŞ,Şehir_Yerleşimi
ANTALYA,KEMER,Orman_ve_Doğa
ANTALYA,KEPEZ,Şehir_Yerleşimi
ANTALYA,KONYAALTI,Şehir_Yerleşimi
ANTALYA,KORKUTELİ,Şehir_Yerleşimi
ANTALYA,KUMLUCA,Şehir_Yerleşimi
ANTALYA,MANAVGAT,Şehir_Yerleşimi
ANTALYA,MURATPAŞA,Tarım_Arazisi
ANTALYA,SERİK,Şehir_Yerleşimi
ARTVİN,ARDANUÇ,Orman_ve_Doğa
ARTVİN,ARHAVİ,Tarım_Arazisi
ARTVİN,ARTVİN,Orman_ve_Doğa
ARTVİN,BORÇKA,Orman_ve_Doğa
ARTVİN,HOPA,Şehir_Yerleşimi
ARTVİN,MURGUL(GÖKTAŞ),Orman_ve_Doğa
ARTVİN,ŞAVŞAT,Tarım_Arazisi
ARTVİN,YUSUFELİ,Orman_ve_Doğa
AYDIN,AYDIN,Şehir_Yerleşimi
AYDIN,BOZDOĞAN,Şehir_Yerleşimi
AYDIN,BUHARKENT(ÇUBUKDAĞI),Tarım_Arazisi
AYDIN,ÇİNE,Şehir_Yerleşimi
AYDIN,DİDİM(YENİHİSAR),Şehir_Yerleşimi
AYDIN,GERMENCİK,Şehir_Yerleşimi
AYDIN,İNCİRLİOVA,Şehir_Yerleşimi
AYDIN,KARACASU,Şehir_Yerleşimi
AYDIN,KARPUZLU,Şehir_Yerleşimi
AYDIN,KOÇARLI,Şehir_Yerleşimi
AYDIN,KÖŞK,Şehir_Yerleşimi
AYDIN,KUŞADASI,Şehir_Yerleşimi
AYDIN,KUYUCAK,Şehir_Yerleşimi
AYDIN,NAZİLLİ,Şehir_Yerleşimi
AYDIN,SÖKE,Şehir_Yerleşimi
AYDIN,SULTANHİSAR,Şehir_Yerleşimi
AYDIN,YENİPAZAR,Şehir_Yerleşimi
BALIKESİR,AYVALIK,Şehir_Yerleşimi
BALIKESİR,BALIKESİR,Şehir_Yerleşimi
BALIKESİR,BALYA,Şehir_Yerleşimi
BALIKESİR,BANDIRMA,Şehir_Yerleşimi
BALIKESİR,BİGADİÇ,Şehir_Yerleşimi
BALIKESİR,BURHANİYE,Şehir_Yerleşimi
BALIKESİR,DURSUNBEY,Şehir_Yerleşimi
BALIKESİR,EDREMİT,Şehir_Yerleşimi
BALIKESİR,ERDEK,Şehir_Yerleşimi
BALIKESİR,GÖMEÇ,Şehir_Yerleşimi
BALIKESİR,GÖNEN,Şehir_Yerleşimi
BALIKESİR,HAVRAN,Şehir_Yerleşimi
BALIKESİR,İVRİNDİ,Şehir_Yerleşimi
BALIKESİR,KEPSUT,Şehir_Yerleşimi
BALIKESİR,MANYAS,Şehir_Yerleşimi
BALIKESİR,MARMARA,Şehir_Yerleşimi
BALIKESİR,SAVAŞTEPE,Şehir_Yerleşimi
BALIKESİR,SINDIRGI,Şehir_Yerleşimi
BALIKESİR,SUSURLUK,Şehir_Yerleşimi
BİLECİK,BİLECİK,Orman_ve_Doğa
BİLECİK,BOZÜYÜK,Şehir_Yerleşimi
BİLECİK,GÖLPAZARI,Şehir_Yerleşimi
BİLECİK,İNHİSAR,Tarım_Arazisi
BİLECİK,OSMANELİ,Şehir_Yerleşimi
BİLECİK,PAZARYERİ,Şehir_Yerleşimi
BİLECİK,SÖĞÜT,Şehir_Yerleşimi
BİLECİK,YENİPAZAR,Tarım_Arazisi
BİNGÖL,ADAKLI,Şehir_Yerleşimi
BİNGÖL,BİNGÖL,Şehir_Yerleşimi
BİNGÖL,GENÇ,Tarım_Arazisi
BİNGÖL,KARLIOVA,Şehir_Yerleşimi
BİNGÖL,KİĞI,Şehir_Yerleşimi
BİNGÖL,SOLHAN,Şehir_Yerleşimi
BİNGÖL,YAYLADERE,Tarım_Arazisi
BİNGÖL,YEDİSU,Orman_ve_Doğa
BİTLİS,ADİLCEVAZ,Tarım_Arazisi
BİTLİS,AHLAT,Şehir_Yerleşimi
BİTLİS,BİTLİS,Orman_ve_Doğa
BİTLİS,GÜROYMAK,Tarım_Arazisi
BİTLİS,HİZAN,Şehir_Yerleşimi
BİTLİS,MUTKİ,Tarım_Arazisi
BİTLİS,TATVAN,Şehir_Yerleşimi
BOLU,BOLU,Şehir_Yerleşimi
BOLU,DÖRTDİVAN,Tarım_Arazisi
BOLU,GEREDE,Şehir_Yerleşimi
BOLU,GÖYNÜK,Orman_ve_Doğa
BOLU,KIBRISCIK,Şehir_Yerleşimi
BOLU,MENGEN,Şehir_Yerleşimi
BOLU,MUDURNU,Orman_ve_Doğa
BOLU,SEBEN,Tarım_Arazisi
BOLU,YENİÇAĞA,Şehir_Yerleşimi
BURDUR,AĞLASUN,Tarım_Arazisi
BURDUR,ALTINYAYLA(DİRMİL),Şehir_Yerleşimi
BURDUR,BUCAK,Şehir_Yerleşimi
BURDUR,BURDUR,Şehir_Yerleşimi
BURDUR,ÇAVDIR,Şehir_Yerleşimi
BURDUR,ÇELTİKÇİ,Şehir_Yerleşimi
BURDUR,GÖLHİSAR,Şehir_Yerleşimi
BURDUR,KARAMANLI,Şehir_Yerleşimi
BURDUR,KEMER,Şehir_Yerleşimi
BURDUR,TEFENNİ,Şehir_Yerleşimi
BURDUR,YEŞİLOVA,Şehir_Yerleşimi
BURSA,BÜYÜKORHAN,Şehir_Yerleşimi
BURSA,GEMLİK,Şehir_Yerleşimi
BURSA,GÜRSU,Tarım_Arazisi
BURSA,HARMANCIK,Şehir_Yerleşimi
BURSA,İNEGÖL,Şehir_Yerleşimi
BURSA,İZNİK,Şehir_Yerleşimi
BURSA,KARACABEY,Tarım_Arazisi
BURSA,KELES,Şehir_Yerleşimi
BURSA,KESTEL,Şehir_Yerleşimi
BURSA,MUDANYA,Şehir_Yerleşimi
BURSA,MUSTAFAKEMALPAŞA,Su_Yüzeyi
BURSA,NİLÜFER,Şehir_Yerleşimi
BURSA,ORHANELİ,Şehir_Yerleşimi
BURSA,ORHANGAZİ,Şehir_Yerleşimi
BURSA,OSMANGAZİ,Şehir_Yerleşimi
BURSA,YENİŞEHİR,Şehir_Yerleşimi
BURSA,YILDIRIM,Tarım_Arazisi
ÇANAKKALE,AYVACIK,Şehir_Yerleşimi
ÇANAKKALE,BAYRAMİÇ,Şehir_Yerleşimi
ÇANAKKALE,BİGA,Tarım_Arazisi
ÇANAKKALE,BOZCAADA,Tarım_Arazisi
ÇANAKKALE,ÇAN,Şehir_Yerleşimi
ÇANAKKALE,ÇANAKKALE,Şehir_Yerleşimi
ÇANAKKALE,ECEABAT,Şehir_Yerleşimi
ÇANAKKALE,EZİNE,Şehir_Yerleşimi
ÇANAKKALE,GELİBOLU,Şehir_Yerleşimi
ÇANAKKALE,GÖKÇEADA(İMROZ),Tarım_Arazisi
ÇANAKKALE,LAPSEKİ,Tarım_Arazisi
ÇANAKKALE,YENİCE,Şehir_Yerleşimi
ÇANKIRI,ATKARACALAR,Tarım_Arazisi
ÇANKIRI,BAYRAMÖREN,Şehir_Yerleşimi
ÇANKIRI,ÇANKIRI,Şehir_Yerleşimi
ÇANKIRI,ÇERKEŞ,Tarım_Arazisi
ÇANKIRI,ELDİVAN,Tarım_Arazisi
ÇANKIRI,ILGAZ,Şehir_Yerleşimi
ÇANKIRI,KIZILIRMAK,Su_Yüzeyi
ÇANKIRI,KORGUN,Şehir_Yerleşimi
ÇANKIRI,KURŞUNLU,Şehir_Yerleşimi
ÇANKIRI,ORTA,Tarım_Arazisi
ÇANKIRI,ŞABANÖZÜ,Şehir_Yerleşimi
ÇANKIRI,YAPRAKLI,Orman_ve_Doğa
ÇORUM,ALACA,Şehir_Yerleşimi
ÇORUM,BAYAT,Tarım_Arazisi
ÇORUM,BOĞAZKALE,Tarım_Arazisi
ÇORUM,ÇORUM,Şehir_Yerleşimi
ÇORUM,DODURGA,Şehir_Yerleşimi
ÇORUM,İSKİLİP,Orman_ve_Doğa
ÇORUM,KARGI,Şehir_Yerleşimi
ÇORUM,LAÇİN,Tarım_Arazisi
ÇORUM,MECİTÖZÜ,Şehir_Yerleşimi
ÇORUM,OĞUZLAR(KARAÖREN),Şehir_Yerleşimi
ÇORUM,ORTAKÖY,Şehir_Yerleşimi
ÇORUM,OSMANCIK,Şehir_Yerleşimi
ÇORUM,SUNGURLU,Şehir_Yerleşimi
ÇORUM,UĞURLUDAĞ,Orman_ve_Doğa
DENİZLİ,ACIPAYAM,Şehir_Yerleşimi
DENİZLİ,AKKÖY,Şehir_Yerleşimi
DENİZLİ,BABADAĞ,Şehir_Yerleşimi
DENİZLİ,BAKLAN,Şehir_Yerleşimi
DENİZLİ,BEKİLLİ,Şehir_Yerleşimi
DENİZLİ,BEYAĞAÇ,Tarım_Arazisi
DENİZLİ,BOZKURT,Şehir_Yerleşimi
DENİZLİ,BULDAN,Tarım_Arazisi
DENİZLİ,ÇAL,Şehir_Yerleşimi
DENİZLİ,ÇAMELİ,Tarım_Arazisi
DENİZLİ,ÇARDAK,Şehir_Yerleşimi
DENİZLİ,ÇİVRİL,Şehir_Yerleşimi
DENİZLİ,DENİZLİ,Şehir_Yerleşimi
DENİZLİ,GÜNEY,Tarım_Arazisi
DENİZLİ,HONAZ,Şehir_Yerleşimi
DENİZLİ,KALE,Şehir_Yerleşimi
DENİZLİ,SARAYKÖY,Şehir_Yerleşimi
DENİZLİ,SERİNHİSAR,Şehir_Yerleşimi
DENİZLİ,TAVAS,Tarım_Arazisi
DİYARBAKIR,BAĞLAR,Şehir_Yerleşimi
DİYARBAKIR,BİSMİL,Şehir_Yerleşimi
DİYARBAKIR,ÇERMİK,Şehir_Yerleşimi
DİYARBAKIR,ÇINAR,Şehir_Yerleşimi
DİYARBAKIR,ÇÜNGÜŞ,Orman_ve_Doğa
DİYARBAKIR,DİCLE,Şehir_Yerleşimi
DİYARBAKIR,EĞİL,Şehir_Yerleşimi
DİYARBAKIR,ERGANİ,Şehir_Yerleşimi
DİYARBAKIR,HANİ,Şehir_Yerleşimi
DİYARBAKIR,HAZRO,Şehir_Yerleşimi
DİYARBAKIR,KAYAPINAR,Şehir_Yerleşimi
DİYARBAKIR,KOCAKÖY,Şehir_Yerleşimi
DİYARBAKIR,KULP,Şehir_Yerleşimi
DİYARBAKIR,LİCE,Şehir_Yerleşimi
DİYARBAKIR,SİLVAN,Şehir_Yerleşimi
DİYARBAKIR,SUR,Tarım_Arazisi
DİYARBAKIR,YENİŞEHİR,Şehir_Yerleşimi
EDİRNE,EDİRNE,Şehir_Yerleşimi
EDİRNE,ENEZ,Sulak_Alan
EDİRNE,HAVSA,Şehir_Yerleşimi
EDİRNE,İPSALA,Şehir_Yerleşimi
EDİRNE,KEŞAN,Şehir_Yerleşimi
EDİRNE,LALAPAŞA,Tarım_Arazisi
EDİRNE,MERİÇ,Tarım_Arazisi
EDİRNE,SÜLOĞLU(SÜLEOĞLU),Tarım_Arazisi
EDİRNE,UZUNKÖPRÜ,Şehir_Yerleşimi
ELAZIĞ,AĞIN,Tarım_Arazisi
ELAZIĞ,ALACAKAYA,Tarım_Arazisi
ELAZIĞ,ARICAK,Tarım_Arazisi
ELAZIĞ,BASKİL,Şehir_Yerleşimi
ELAZIĞ,ELAZIĞ,Şehir_Yerleşimi
ELAZIĞ,KARAKOÇAN,Şehir_Yerleşimi
ELAZIĞ,KEBAN,Şehir_Yerleşimi
ELAZIĞ,KOVANCILAR,Şehir_Yerleşimi
ELAZIĞ,MADEN,Şehir_Yerleşimi
ELAZIĞ,PALU,Orman_ve_Doğa
ELAZIĞ,SİVRİCE,Şehir_Yerleşimi
ERZİNCAN,ÇAYIRLI,Şehir_Yerleşimi
ERZİNCAN,ERZİNCAN,Şehir_Yerleşimi
ERZİNCAN,ILIÇ(İLİÇ),Şehir_Yerleşimi
ERZİNCAN,KEMAH,Tarım_Arazisi
ERZİNCAN,KEMALİYE,Şehir_Yerleşimi
ERZİNCAN,OTLUKBELİ,Şehir_Yerleşimi
ERZİNCAN,REFAHİYE,Şehir_Yerleşimi
ERZİNCAN,TERCAN,Şehir_Yerleşimi
ERZİNCAN,ÜZÜMLÜ,Şehir_Yerleşimi
ERZURUM,AŞKALE,Şehir_Yerleşimi
ERZURUM,AZİZİYE(ILICA),Şehir_Yerleşimi
ERZURUM,ÇAT,Şehir_Yerleşimi
ERZURUM,HINIS,Şehir_Yerleşimi
ERZURUM,HORASAN,Şehir_Yerleşimi
ERZURUM,İSPİR,Şehir_Yerleşimi
ERZURUM,KARAÇOBAN,Şehir_Yerleşimi
ERZURUM,KARAYAZI,Şehir_Yerleşimi
ERZURUM,KÖPRÜKÖY,Şehir_Yerleşimi
ERZURUM,NARMAN,Tarım_Arazisi
ERZURUM,OLTU,Şehir_Yerleşimi
ERZURUM,OLUR,Tarım_Arazisi
ERZURUM,PALANDÖKEN,Şehir_Yerleşimi
ERZURUM,PASİNLER,Şehir_Yerleşimi
ERZURUM,PAZARYOLU,Tarım_Arazisi
ERZURUM,ŞENKAYA,Tarım_Arazisi
ERZURUM,TEKMAN,Şehir_Yerleşimi
ERZURUM,TORTUM,Orman_ve_Doğa
ERZURUM,UZUNDERE,Tarım_Arazisi
ERZURUM,YAKUTİYE,Şehir_Yerleşimi
ESKİŞEHİR,ALPU,Şehir_Yerleşimi
ESKİŞEHİR,BEYLİKOVA,Şehir_Yerleşimi
ESKİŞEHİR,ÇİFTELER,Şehir_Yerleşimi
ESKİŞEHİR,GÜNYÜZÜ,Şehir_Yerleşimi
ESKİŞEHİR,HAN,Şehir_Yerleşimi
ESKİŞEHİR,İNÖNÜ,Şehir_Yerleşimi
ESKİŞEHİR,MAHMUDİYE,Tarım_Arazisi
ESKİŞEHİR,MİHALGAZİ,Şehir_Yerleşimi
ESKİŞEHİR,MİHALIÇÇIK,Şehir_Yerleşimi
ESKİŞEHİR,ODUNPAZARI,Şehir_Yerleşimi
ESKİŞEHİR,SARICAKAYA,Şehir_Yerleşimi
ESKİŞEHİR,SEYİTGAZİ,Şehir_Yerleşimi
ESKİŞEHİR,SİVRİHİSAR,Şehir_Yerleşimi
ESKİŞEHİR,TEPEBAŞI,Şehir_Yerleşimi
GAZİANTEP,ARABAN,Şehir_Yerleşimi
GAZİANTEP,İSLAHİYE,Şehir_Yerleşimi
GAZİANTEP,KARKAMIŞ,Şehir_Yerleşimi
GAZİANTEP,NİZİP,Şehir_Yerleşimi
GAZİANTEP,NURDAĞI,Şehir_Yerleşimi
GAZİANTEP,OĞUZELİ,Şehir_Yerleşimi
GAZİANTEP,ŞAHİNBEY,Şehir_Yerleşimi
GAZİANTEP,ŞEHİTKAMİL,Şehir_Yerleşimi
GAZİANTEP,YAVUZELİ,Şehir_Yerleşimi
GİRESUN,ALUCRA,Şehir_Yerleşimi
GİRESUN,BULANCAK,Şehir_Yerleşimi
GİRESUN,ÇAMOLUK,Tarım_Arazisi
GİRESUN,ÇANAKÇI,Tarım_Arazisi
GİRESUN,DERELİ,Orman_ve_Doğa
GİRESUN,DOĞANKENT,Orman_ve_Doğa
GİRESUN,ESPİYE,Şehir_Yerleşimi
GİRESUN,EYNESİL,Tarım_Arazisi
GİRESUN,GİRESUN,Şehir_Yerleşimi
GİRESUN,GÖRELE,Şehir_Yerleşimi
GİRESUN,GÜCE,Şehir_Yerleşimi
GİRESUN,KEŞAP,Şehir_Yerleşimi
GİRESUN,PİRAZİZ,Şehir_Yerleşimi
GİRESUN,ŞEBİNKARAHİSAR,Şehir_Yerleşimi
GİRESUN,TİREBOLU,Tarım_Arazisi
GİRESUN,YAĞLIDERE,Şehir_Yerleşimi
GÜMÜŞHANE,GÜMÜŞHANE,Şehir_Yerleşimi
GÜMÜŞHANE,KELKİT,Şehir_Yerleşimi
GÜMÜŞHANE,KÖSE,Şehir_Yerleşimi
GÜMÜŞHANE,KÜRTÜN,Tarım_Arazisi
GÜMÜŞHANE,ŞİRAN,Şehir_Yerleşimi
GÜMÜŞHANE,TORUL,Şehir_Yerleşimi
HAKKARİ,ÇUKURCA,Tarım_Arazisi
HAKKARİ,HAKKARİ,Orman_ve_Doğa
HAKKARİ,ŞEMDİNLİ,Şehir_Yerleşimi
HAKKARİ,YÜKSEKOVA,Şehir_Yerleşimi
HATAY,ALTINÖZÜ,Şehir_Yerleşimi
HATAY,ANTAKYA,Orman_ve_Doğa
HATAY,BELEN,Şehir_Yerleşimi
HATAY,DÖRTYOL,Tarım_Arazisi
HATAY,ERZİN,Şehir_Yerleşimi
HATAY,HASSA,Şehir_Yerleşimi
HATAY,İSKENDERUN,Şehir_Yerleşimi
HATAY,KIRIKHAN,Şehir_Yerleşimi
HATAY,KUMLU,Tarım_Arazisi
HATAY,REYHANLI,Şehir_Yerleşimi
HATAY,SAMANDAĞ,Tarım_Arazisi
HATAY,YAYLADAĞI,Şehir_Yerleşimi
ISPARTA,AKSU,Şehir_Yerleşimi
ISPARTA,ATABEY,Şehir_Yerleşimi
ISPARTA,EĞİRDİR(EĞRİDİR),Su_Yüzeyi
ISPARTA,GELENDOST,Şehir_Yerleşimi
ISPARTA,GÖNEN,Şehir_Yerleşimi
ISPARTA,ISPARTA,Şehir_Yerleşimi
ISPARTA,KEÇİBORLU,Şehir_Yerleşimi
ISPARTA,SENİRKENT,Şehir_Yerleşimi
ISPARTA,SÜTÇÜLER,Tarım_Arazisi
ISPARTA,ŞARKİKARAAĞAÇ,Şehir_Yerleşimi
ISPARTA,ULUBORLU,Şehir_Yerleşimi
ISPARTA,YALVAÇ,Şehir_Yerleşimi
ISPARTA,YENİŞARBADEMLİ,Şehir_Yerleşimi
MERSİN(İÇEL),AKDENİZ,Şehir_Yerleşimi
MERSİN(İÇEL),ANAMUR,Şehir_Yerleşimi
MERSİN(İÇEL),AYDINCIK,Şehir_Yerleşimi
MERSİN(İÇEL),BOZYAZI,Şehir_Yerleşimi
MERSİN(İÇEL),ÇAMLIYAYLA,Tarım_Arazisi
MERSİN(İÇEL),ERDEMLİ,Şehir_Yerleşimi
MERSİN(İÇEL),GÜLNAR (GÜLPINAR),Şehir_Yerleşimi
MERSİN(İÇEL),MEZİTLİ,Şehir_Yerleşimi
MERSİN(İÇEL),MUT,Şehir_Yerleşimi
MERSİN(İÇEL),SİLİFKE,Şehir_Yerleşimi
MERSİN(İÇEL),TARSUS,Şehir_Yerleşimi
MERSİN(İÇEL),TOROSLAR,Şehir_Yerleşimi
MERSİN(İÇEL),YENİŞEHİR,Orman_ve_Doğa
İSTANBUL,ADALAR,Şehir_Yerleşimi
İSTANBUL,ARNAVUTKÖY,Tarım_Arazisi
İSTANBUL,ATAŞEHİR,Şehir_Yerleşimi
İSTANBUL,AVCILAR,Tarım_Arazisi
İSTANBUL,BAĞCILAR,Şehir_Yerleşimi
İSTANBUL,BAHÇELİEVLER,Şehir_Yerleşimi
İSTANBUL,BAKIRKÖY,Şehir_Yerleşimi
İSTANBUL,BAŞAKŞEHİR,Şehir_Yerleşimi
İSTANBUL,BAYRAMPAŞA,Şehir_Yerleşimi
İSTANBUL,BEŞİKTAŞ,Şehir_Yerleşimi
İSTANBUL,BEYKOZ,Şehir_Yerleşimi
İSTANBUL,BEYLİKDÜZÜ,Şehir_Yerleşimi
İSTANBUL,BEYOĞLU,Şehir_Yerleşimi
İSTANBUL,BÜYÜKÇEKMECE,Tarım_Arazisi
İSTANBUL,ÇATALCA,Orman_ve_Doğa
İSTANBUL,ÇEKMEKÖY,Şehir_Yerleşimi
İSTANBUL,ESENLER,Tarım_Arazisi
İSTANBUL,ESENYURT,Şehir_Yerleşimi
İSTANBUL,EYÜP,Şehir_Yerleşimi
İSTANBUL,FATİH,Şehir_Yerleşimi
İSTANBUL,GAZİOSMANPAŞA,Şehir_Yerleşimi
İSTANBUL,GÜNGÖREN,Şehir_Yerleşimi
İSTANBUL,KADIKÖY,Şehir_Yerleşimi
İSTANBUL,KAĞITHANE,Şehir_Yerleşimi
İSTANBUL,KARTAL,Şehir_Yerleşimi
İSTANBUL,KÜÇÜKÇEKMECE,Şehir_Yerleşimi
İSTANBUL,MALTEPE,Orman_ve_Doğa
İSTANBUL,PENDİK,Şehir_Yerleşimi
İSTANBUL,SANCAKTEPE,Tarım_Arazisi
İSTANBUL,SARIYER,Orman_ve_Doğa
İSTANBUL,SİLİVRİ,Tarım_Arazisi
İSTANBUL,SULTANBEYLİ,Şehir_Yerleşimi
İSTANBUL,SULTANGAZİ,Şehir_Yerleşimi
İSTANBUL,ŞİLE,Şehir_Yerleşimi
İSTANBUL,ŞİŞLİ,Şehir_Yerleşimi
İSTANBUL,TUZLA,Şehir_Yerleşimi
İSTANBUL,ÜMRANİYE,Şehir_Yerleşimi
İSTANBUL,ÜSKÜDAR,Şehir_Yerleşimi
İSTANBUL,ZEYTİNBURNU,Şehir_Yerleşimi
İZMİR,ALİAĞA,Şehir_Yerleşimi
İZMİR,BALÇOVA,Orman_ve_Doğa
İZMİR,BAYINDIR,Orman_ve_Doğa
İZMİR,BAYRAKLI,Şehir_Yerleşimi
İZMİR,BERGAMA,Şehir_Yerleşimi
İZMİR,BEYDAĞ,Şehir_Yerleşimi
İZMİR,BORNOVA,Şehir_Yerleşimi
İZMİR,BUCA,Şehir_Yerleşimi
İZMİR,ÇEŞME,Şehir_Yerleşimi
İZMİR,ÇİĞLİ,Şehir_Yerleşimi
İZMİR,DİKİLİ,Şehir_Yerleşimi
İZMİR,FOÇA,Şehir_Yerleşimi
İZMİR,GAZİEMİR,Şehir_Yerleşimi
İZMİR,GÜZELBAHÇE,Orman_ve_Doğa
İZMİR,KARABAĞLAR,Orman_ve_Doğa
İZMİR,KARABURUN,Orman_ve_Doğa
İZMİR,KARŞIYAKA,Şehir_Yerleşimi
İZMİR,KEMALPAŞA,Şehir_Yerleşimi
İZMİR,KINIK,Şehir_Yerleşimi
İZMİR,KİRAZ,Şehir_Yerleşimi
İZMİR,KONAK,Şehir_Yerleşimi
İZMİR,MENDERES(CUMAOVASI),Şehir_Yerleşimi
İZMİR,MENEMEN,Şehir_Yerleşimi
İZMİR,NARLIDERE,Şehir_Yerleşimi
İZMİR,ÖDEMİŞ,Şehir_Yerleşimi
İZMİR,SEFERİHİSAR,Şehir_Yerleşimi
İZMİR,SELÇUK,Şehir_Yerleşimi
İZMİR,TİRE,Şehir_Yerleşimi
İZMİR,TORBALI,Şehir_Yerleşimi
İZMİR,URLA,Şehir_Yerleşimi
KARS,AKYAKA,Şehir_Yerleşimi
KARS,ARPAÇAY,Şehir_Yerleşimi
KARS,DİGOR,Şehir_Yerleşimi
KARS,KAĞIZMAN,Tarım_Arazisi
KARS,KARS,Şehir_Yerleşimi
KARS,SARIKAMIŞ,Şehir_Yerleşimi
KARS,SELİM,Şehir_Yerleşimi
KARS,SUSUZ,Şehir_Yerleşimi
KASTAMONU,ABANA,Orman_ve_Doğa
KASTAMONU,AĞLI,Tarım_Arazisi
KASTAMONU,ARAÇ,Şehir_Yerleşimi
KASTAMONU,AZDAVAY,Şehir_Yerleşimi
KASTAMONU,BOZKURT,Orman_ve_Doğa
KASTAMONU,CİDE,Şehir_Yerleşimi
KASTAMONU,ÇATALZEYTİN,Şehir_Yerleşimi
KASTAMONU,DADAY,Şehir_Yerleşimi
KASTAMONU,DEVREKANİ,Şehir_Yerleşimi
KASTAMONU,DOĞANYURT,Tarım_Arazisi
KASTAMONU,HANÖNÜ(GÖKÇEAĞAÇ),Orman_ve_Doğa
KASTAMONU,İHSANGAZİ,Tarım_Arazisi
KASTAMONU,İNEBOLU,Şehir_Yerleşimi
KASTAMONU,KASTAMONU,Şehir_Yerleşimi
KASTAMONU,KÜRE,Şehir_Yerleşimi
KASTAMONU,PINARBAŞI,Şehir_Yerleşimi
KASTAMONU,SEYDİLER,Şehir_Yerleşimi
KASTAMONU,ŞENPAZAR,Şehir_Yerleşimi
KASTAMONU,TAŞKÖPRÜ,Tarım_Arazisi
KASTAMONU,TOSYA,Şehir_Yerleşimi
KAYSERİ,AKKIŞLA,Tarım_Arazisi
KAYSERİ,BÜNYAN,Şehir_Yerleşimi
KAYSERİ,DEVELİ,Şehir_Yerleşimi
KAYSERİ,FELAHİYE,Şehir_Yerleşimi
KAYSERİ,HACILAR,Tarım_Arazisi
KAYSERİ,İNCESU,Tarım_Arazisi
KAYSERİ,KOCASİNAN,Şehir_Yerleşimi
KAYSERİ,MELİKGAZİ,Şehir_Yerleşimi
KAYSERİ,ÖZVATAN(ÇUKUR),Şehir_Yerleşimi
KAYSERİ,PINARBAŞI,Şehir_Yerleşimi
KAYSERİ,SARIOĞLAN,Tarım_Arazisi
KAYSERİ,SARIZ,Şehir_Yerleşimi
KAYSERİ,TALAS,Tarım_Arazisi
KAYSERİ,TOMARZA,Şehir_Yerleşimi
KAYSERİ,YAHYALI,Şehir_Yerleşimi
KAYSERİ,YEŞİLHİSAR,Şehir_Yerleşimi
KIRKLARELİ,BABAESKİ,Tarım_Arazisi
KIRKLARELİ,DEMİRKÖY,Şehir_Yerleşimi
KIRKLARELİ,KIRKLARELİ,Şehir_Yerleşimi
KIRKLARELİ,KOFÇAZ,Tarım_Arazisi
KIRKLARELİ,LÜLEBURGAZ,Şehir_Yerleşimi
KIRKLARELİ,PEHLİVANKÖY,Şehir_Yerleşimi
KIRKLARELİ,PINARHİSAR,Şehir_Yerleşimi
KIRKLARELİ,VİZE,Şehir_Yerleşimi
KIRŞEHİR,AKÇAKENT,Şehir_Yerleşimi
KIRŞEHİR,AKPINAR,Şehir_Yerleşimi
KIRŞEHİR,BOZTEPE,Şehir_Yerleşimi
KIRŞEHİR,ÇİÇEKDAĞI,Tarım_Arazisi
KIRŞEHİR,KAMAN,Şehir_Yerleşimi
KIRŞEHİR,KIRŞEHİR,Şehir_Yerleşimi
KIRŞEHİR,MUCUR,Şehir_Yerleşimi
KOCAELİ,BAŞİSKELE,Tarım_Arazisi
KOCAELİ,ÇAYIROVA,Şehir_Yerleşimi
KOCAELİ,DARICA,Tarım_Arazisi
KOCAELİ,DERİNCE,Tarım_Arazisi
KOCAELİ,DİLOVASI,Şehir_Yerleşimi
KOCAELİ,GEBZE,Şehir_Yerleşimi
KOCAELİ,GÖLCÜK,Şehir_Yerleşimi
KOCAELİ,İZMİT,Şehir_Yerleşimi
KOCAELİ,KANDIRA,Şehir_Yerleşimi
KOCAELİ,KARAMÜRSEL,Şehir_Yerleşimi
KOCAELİ,KARTEPE,Tarım_Arazisi
KOCAELİ,KÖRFEZ(TÜTÜNÇİFTLİK),Şehir_Yerleşimi
KONYA,AHIRLI,Şehir_Yerleşimi
KONYA,AKÖREN,Şehir_Yerleşimi
KONYA,AKŞEHİR,Şehir_Yerleşimi
KONYA,ALTINEKİN,Şehir_Yerleşimi
KONYA,BEYŞEHİR,Şehir_Yerleşimi
KONYA,BOZKIR,Şehir_Yerleşimi
KONYA,CİHANBEYLİ,Şehir_Yerleşimi
KONYA,ÇELTİK,Şehir_Yerleşimi
KONYA,ÇUMRA,Şehir_Yerleşimi
KONYA,DERBENT,Şehir_Yerleşimi
KONYA,DEREBUCAK,Şehir_Yerleşimi
KONYA,DOĞANHİSAR,Şehir_Yerleşimi
KONYA,EMİRGAZİ,Şehir_Yerleşimi
KONYA,EREĞLİ,Şehir_Yerleşimi
KONYA,GÜNEYSINIR,Tarım_Arazisi
KONYA,HADİM,Tarım_Arazisi
KONYA,HALKAPINAR,Tarım_Arazisi
KONYA,HÜYÜK,Şehir_Yerleşimi
KONYA,ILGIN,Şehir_Yerleşimi
KONYA,KADINHANI,Şehir_Yerleşimi
KONYA,KARAPINAR,Şehir_Yerleşimi
KONYA,KARATAY,Şehir_Yerleşimi
KONYA,KULU,Şehir_Yerleşimi
KONYA,MERAM,Şehir_Yerleşimi
KONYA,SARAYÖNÜ,Şehir_Yerleşimi
KONYA,SELÇUKLU,Şehir_Yerleşimi
KONYA,SEYDİŞEHİR,Şehir_Yerleşimi
KONYA,TAŞKENT,Şehir_Yerleşimi
KONYA,TUZLUKÇU,Tarım_Arazisi
KONYA,YALIHÜYÜK,Tarım_Arazisi
KONYA,YUNAK,Şehir_Yerleşimi
KÜTAHYA,ALTINTAŞ,Şehir_Yerleşimi
KÜTAHYA,ASLANAPA,Tarım_Arazisi
KÜTAHYA,ÇAVDARHİSAR,Tarım_Arazisi
KÜTAHYA,DOMANİÇ,Şehir_Yerleşimi
KÜTAHYA,DUMLUPINAR,Şehir_Yerleşimi
KÜTAHYA,EMET,Şehir_Yerleşimi
KÜTAHYA,GEDİZ,Şehir_Yerleşimi
KÜTAHYA,HİSARCIK,Şehir_Yerleşimi
KÜTAHYA,KÜTAHYA,Şehir_Yerleşimi
KÜTAHYA,PAZARLAR,Tarım_Arazisi
KÜTAHYA,SİMAV,Şehir_Yerleşimi
KÜTAHYA,ŞAPHANE,Tarım_Arazisi
KÜTAHYA,TAVŞANLI,Şehir_Yerleşimi
MALATYA,AKÇADAĞ,Tarım_Arazisi
MALATYA,ARAPKİR(ARAPGİR),Şehir_Yerleşimi
MALATYA,ARGUVAN,Tarım_Arazisi
MALATYA,BATTALGAZİ,Şehir_Yerleşimi
MALATYA,DARENDE,Tarım_Arazisi
MALATYA,DOĞANŞEHİR,Şehir_Yerleşimi
MALATYA,DOĞANYOL,Şehir_Yerleşimi
MALATYA,HEKİMHAN,Şehir_Yerleşimi
MALATYA,KALE,Tarım_Arazisi
MALATYA,KULUNCAK,Orman_ve_Doğa
MALATYA,MALATYA,Şehir_Yerleşimi
MALATYA,PÜTÜRGE(PÖTÜRGE),Şehir_Yerleşimi
MALATYA,YAZIHAN,Tarım_Arazisi
MALATYA,YEŞİLYURT,Tarım_Arazisi
MANİSA,AHMETLİ,Şehir_Yerleşimi
MANİSA,AKHİSAR,Şehir_Yerleşimi
MANİSA,ALAŞEHİR,Şehir_Yerleşimi
MANİSA,DEMİRCİ,Şehir_Yerleşimi
MANİSA,GÖLMARMARA,Şehir_Yerleşimi
MANİSA,GÖRDES,Şehir_Yerleşimi
MANİSA,KIRKAĞAÇ,Tarım_Arazisi
MANİSA,KÖPRÜBAŞI,Şehir_Yerleşimi
MANİSA,KULA,Şehir_Yerleşimi
MANİSA,MANİSA,Şehir_Yerleşimi
MANİSA,SALİHLİ,Şehir_Yerleşimi
MANİSA,SARIGÖL,Şehir_Yerleşimi
MANİSA,SARUHANLI,Şehir_Yerleşimi
MANİSA,SELENDİ,Şehir_Yerleşimi
MANİSA,SOMA,Şehir_Yerleşimi
MANİSA,TURGUTLU,Şehir_Yerleşimi
KAHRAMANMARAŞ,AFŞİN,Şehir_Yerleşimi
KAHRAMANMARAŞ,ANDIRIN,Şehir_Yerleşimi
KAHRAMANMARAŞ,ÇAĞLIYANCERİT,Şehir_Yerleşimi
KAHRAMANMARAŞ,EKİNÖZÜ,Şehir_Yerleşimi
KAHRAMANMARAŞ,ELBİSTAN,Şehir_Yerleşimi
KAHRAMANMARAŞ,GÖKSUN,Şehir_Yerleşimi
KAHRAMANMARAŞ,KAHRAMANMARAŞ,Şehir_Yerleşimi
KAHRAMANMARAŞ,NURHAK,Tarım_Arazisi
KAHRAMANMARAŞ,PAZARCIK,Şehir_Yerleşimi
KAHRAMANMARAŞ,TÜRKOĞLU,Şehir_Yerleşimi
MARDİN,DARGEÇİT,Şehir_Yerleşimi
MARDİN,DERİK,Şehir_Yerleşimi
MARDİN,KIZILTEPE,Şehir_Yerleşimi
MARDİN,MARDİN,Şehir_Yerleşimi
MARDİN,MAZIDAĞI,Orman_ve_Doğa
MARDİN,MİDYAT(ESTEL),Şehir_Yerleşimi
MARDİN,NUSAYBİN,Şehir_Yerleşimi
MARDİN,ÖMERLİ,Şehir_Yerleşimi
MARDİN,SAVUR,Tarım_Arazisi
MARDİN,YEŞİLLİ,Tarım_Arazisi
MUĞLA,BODRUM,Şehir_Yerleşimi
MUĞLA,DALAMAN,Tarım_Arazisi
MUĞLA,DATÇA,Şehir_Yerleşimi
MUĞLA,FETHİYE,Şehir_Yerleşimi
MUĞLA,KAVAKLIDERE,Şehir_Yerleşimi
MUĞLA,KÖYCEĞİZ,Şehir_Yerleşimi
MUĞLA,MARMARİS,Şehir_Yerleşimi
MUĞLA,MİLAS,Şehir_Yerleşimi
MUĞLA,MUĞLA,Şehir_Yerleşimi
MUĞLA,ORTACA,Şehir_Yerleşimi
MUĞLA,ULA,Şehir_Yerleşimi
MUĞLA,YATAĞAN,Şehir_Yerleşimi
MUŞ,BULANIK,Şehir_Yerleşimi
MUŞ,HASKÖY,Tarım_Arazisi
MUŞ,KORKUT,Tarım_Arazisi
MUŞ,MALAZGİRT,Şehir_Yerleşimi
MUŞ,MUŞ,Şehir_Yerleşimi
MUŞ,VARTO,Şehir_Yerleşimi
NEVŞEHİR,ACIGÖL,Şehir_Yerleşimi
NEVŞEHİR,AVANOS,Şehir_Yerleşimi
NEVŞEHİR,DERİNKUYU,Şehir_Yerleşimi
NEVŞEHİR,GÜLŞEHİR,Şehir_Yerleşimi
NEVŞEHİR,HACIBEKTAŞ,Tarım_Arazisi
NEVŞEHİR,KOZAKLI,Şehir_Yerleşimi
NEVŞEHİR,NEVŞEHİR,Şehir_Yerleşimi
NEVŞEHİR,ÜRGÜP,Tarım_Arazisi
NİĞDE,ALTUNHİSAR,Şehir_Yerleşimi
NİĞDE,BOR,Tarım_Arazisi
NİĞDE,ÇAMARDI,Tarım_Arazisi
NİĞDE,ÇİFTLİK(ÖZYURT),Tarım_Arazisi
NİĞDE,NİĞDE,Şehir_Yerleşimi
NİĞDE,ULUKIŞLA,Şehir_Yerleşimi
ORDU,AKKUŞ,Şehir_Yerleşimi
ORDU,AYBASTI,Tarım_Arazisi
ORDU,ÇAMAŞ,Tarım_Arazisi
ORDU,ÇATALPINAR,Tarım_Arazisi
ORDU,ÇAYBAŞI,Tarım_Arazisi
ORDU,FATSA,Şehir_Yerleşimi
ORDU,GÖLKÖY,Şehir_Yerleşimi
ORDU,GÜLYALI,Tarım_Arazisi
ORDU,GÜRGENTEPE,Şehir_Yerleşimi
ORDU,İKİZCE,Tarım_Arazisi
ORDU,KABADÜZ(KARADÜZ),Şehir_Yerleşimi
ORDU,KABATAŞ,Şehir_Yerleşimi
ORDU,KORGAN,Şehir_Yerleşimi
ORDU,KUMRU,Şehir_Yerleşimi
ORDU,MESUDİYE,Tarım_Arazisi
ORDU,ORDU,Şehir_Yerleşimi
ORDU,PERŞEMBE,Şehir_Yerleşimi
ORDU,ULUBEY,Şehir_Yerleşimi
ORDU,ÜNYE,Şehir_Yerleşimi
RİZE,ARDEŞEN,Şehir_Yerleşimi
RİZE,ÇAMLIHEMŞİN,Su_Yüzeyi
RİZE,ÇAYELİ,Tarım_Arazisi
RİZE,DEREPAZARI,Şehir_Yerleşimi
RİZE,FINDIKLI,Tarım_Arazisi
RİZE,GÜNEYSU,Tarım_Arazisi
RİZE,HEMŞİN,Orman_ve_Doğa
RİZE,İKİZDERE,Tarım_Arazisi
RİZE,İYİDERE,Tarım_Arazisi
RİZE,KALKANDERE,Tarım_Arazisi
RİZE,PAZAR,Su_Yüzeyi
RİZE,RİZE,Şehir_Yerleşimi
SAKARYA,ADAPAZARI,Şehir_Yerleşimi
SAKARYA,AKYAZI,Şehir_Yerleşimi
SAKARYA,ARİFİYE,Şehir_Yerleşimi
SAKARYA,ERENLER,Şehir_Yerleşimi
SAKARYA,FERİZLİ,Şehir_Yerleşimi
SAKARYA,GEYVE,Şehir_Yerleşimi
SAKARYA,HENDEK,Tarım_Arazisi
SAKARYA,KARAPÜRÇEK,Şehir_Yerleşimi
SAKARYA,KARASU,Şehir_Yerleşimi
SAKARYA,KAYNARCA,Şehir_Yerleşimi
SAKARYA,KOCAALİ,Şehir_Yerleşimi
SAKARYA,PAMUKOVA,Şehir_Yerleşimi
SAKARYA,SAPANCA,Şehir_Yerleşimi
SAKARYA,SERDİVAN,Şehir_Yerleşimi
SAKARYA,SÖĞÜTLÜ,Tarım_Arazisi
SAKARYA,TARAKLI,Şehir_Yerleşimi
SAMSUN,ALAÇAM,Şehir_Yerleşimi
SAMSUN,ASARCIK,Tarım_Arazisi
SAMSUN,ATAKUM,Şehir_Yerleşimi
SAMSUN,AYVACIK,Tarım_Arazisi
SAMSUN,BAFRA,Şehir_Yerleşimi
SAMSUN,CANİK,Şehir_Yerleşimi
SAMSUN,ÇARŞAMBA,Şehir_Yerleşimi
SAMSUN,HAVZA,Şehir_Yerleşimi
SAMSUN,İLKADIM,Şehir_Yerleşimi
SAMSUN,KAVAK,Tarım_Arazisi
SAMSUN,LADİK,Şehir_Yerleşimi
SAMSUN,ONDOKUZMAYIS(BALLICA),Tarım_Arazisi
SAMSUN,SALIPAZARI,Şehir_Yerleşimi
SAMSUN,TEKKEKÖY,Şehir_Yerleşimi
SAMSUN,TERME,Şehir_Yerleşimi
SAMSUN,VEZİRKÖPRÜ,Şehir_Yerleşimi
SAMSUN,YAKAKENT,Şehir_Yerleşimi
SİİRT,AYDINLAR,Şehir_Yerleşimi
SİİRT,BAYKAN,Şehir_Yerleşimi
SİİRT,ERUH,Şehir_Yerleşimi
SİİRT,KURTALAN,Şehir_Yerleşimi
SİİRT,PERVARİ,Tarım_Arazisi
SİİRT,SİİRT,Tarım_Arazisi
SİİRT,ŞİRVAN,Şehir_Yerleşimi
SİNOP,AYANCIK,Orman_ve_Doğa
SİNOP,BOYABAT,Şehir_Yerleşimi
SİNOP,DİKMEN,Tarım_Arazisi
SİNOP,DURAĞAN,Şehir_Yerleşimi
SİNOP,ERFELEK,Tarım_Arazisi
SİNOP,GERZE,Tarım_Arazisi
SİNOP,SARAYDÜZÜ,Şehir_Yerleşimi
SİNOP,SİNOP,Şehir_Yerleşimi
SİNOP,TÜRKELİ,Şehir_Yerleşimi
SİVAS,AKINCILAR,Şehir_Yerleşimi
SİVAS,ALTINYAYLA,Şehir_Yerleşimi
SİVAS,DİVRİĞİ,Orman_ve_Doğa
SİVAS,DOĞANŞAR,Tarım_Arazisi
SİVAS,GEMEREK,Şehir_Yerleşimi
SİVAS,GÖLOVA,Şehir_Yerleşimi
SİVAS,GÜRÜN,Şehir_Yerleşimi
SİVAS,HAFİK,Tarım_Arazisi
SİVAS,İMRANLI,Şehir_Yerleşimi
SİVAS,KANGAL,Tarım_Arazisi
SİVAS,KOYULHİSAR,Şehir_Yerleşimi
SİVAS,SİVAS,Şehir_Yerleşimi
SİVAS,SUŞEHRİ,Tarım_Arazisi
SİVAS,ŞARKIŞLA,Şehir_Yerleşimi
SİVAS,ULAŞ,Tarım_Arazisi
SİVAS,YILDIZELİ,Şehir_Yerleşimi
SİVAS,ZARA,Şehir_Yerleşimi
TEKİRDAĞ,ÇERKEZKÖY,Şehir_Yerleşimi
TEKİRDAĞ,ÇORLU,Şehir_Yerleşimi
TEKİRDAĞ,HAYRABOLU,Şehir_Yerleşimi
TEKİRDAĞ,MALKARA,Şehir_Yerleşimi
TEKİRDAĞ,MARMARAEREĞLİSİ,Şehir_Yerleşimi
TEKİRDAĞ,MURATLI,Şehir_Yerleşimi
TEKİRDAĞ,SARAY,Şehir_Yerleşimi
TEKİRDAĞ,ŞARKÖY,Şehir_Yerleşimi
TEKİRDAĞ,TEKİRDAĞ,Şehir_Yerleşimi
TOKAT,ALMUS,Şehir_Yerleşimi
TOKAT,ARTOVA,Tarım_Arazisi
TOKAT,BAŞÇİFTLİK,Tarım_Arazisi
TOKAT,ERBAA,Şehir_Yerleşimi
TOKAT,NİKSAR,Şehir_Yerleşimi
TOKAT,PAZAR,Şehir_Yerleşimi
TOKAT,REŞADİYE,Şehir_Yerleşimi
TOKAT,SULUSARAY,Şehir_Yerleşimi
TOKAT,TOKAT,Şehir_Yerleşimi
TOKAT,TURHAL,Şehir_Yerleşimi
TOKAT,YEŞİLYURT,Tarım_Arazisi
TOKAT,ZİLE,Şehir_Yerleşimi
TRABZON,AKÇAABAT,Şehir_Yerleşimi
TRABZON,ARAKLI,Şehir_Yerleşimi
TRABZON,ARSİN,Tarım_Arazisi
TRABZON,BEŞİKDÜZÜ,Tarım_Arazisi
TRABZON,ÇARŞIBAŞI,Şehir_Yerleşimi
TRABZON,ÇAYKARA,Orman_ve_Doğa
TRABZON,DERNEKPAZARI,Tarım_Arazisi
TRABZON,DÜZKÖY,Tarım_Arazisi
TRABZON,HAYRAT,Şehir_Yerleşimi
TRABZON,KÖPRÜBAŞI,Tarım_Arazisi
TRABZON,MAÇKA,Tarım_Arazisi
TRABZON,OF,Şehir_Yerleşimi
TRABZON,SÜRMENE,Şehir_Yerleşimi
TRABZON,ŞALPAZARI,Tarım_Arazisi
TRABZON,TONYA,Şehir_Yerleşimi
TRABZON,TRABZON,Şehir_Yerleşimi
TRABZON,VAKFIKEBİR,Şehir_Yerleşimi
TRABZON,YOMRA,Şehir_Yerleşimi
TUNCELİ,ÇEMİŞGEZEK,Tarım_Arazisi
TUNCELİ,HOZAT,Şehir_Yerleşimi
TUNCELİ,MAZGİRT,Şehir_Yerleşimi
TUNCELİ,NAZIMİYE,Şehir_Yerleşimi
TUNCELİ,OVACIK,Tarım_Arazisi
TUNCELİ,PERTEK,Şehir_Yerleşimi
TUNCELİ,PÜLÜMÜR,Tarım_Arazisi
TUNCELİ,TUNCELİ,Şehir_Yerleşimi
ŞANLIURFA,AKÇAKALE,Şehir_Yerleşimi
ŞANLIURFA,BİRECİK,Şehir_Yerleşimi
ŞANLIURFA,BOZOVA,Şehir_Yerleşimi
ŞANLIURFA,CEYLANPINAR,Şehir_Yerleşimi
ŞANLIURFA,HALFETİ,Orman_ve_Doğa
ŞANLIURFA,HARRAN,Şehir_Yerleşimi
ŞANLIURFA,HİLVAN,Şehir_Yerleşimi
ŞANLIURFA,SİVEREK,Şehir_Yerleşimi
ŞANLIURFA,SURUÇ,Şehir_Yerleşimi
ŞANLIURFA,ŞANLIURFA,Şehir_Yerleşimi
ŞANLIURFA,VİRANŞEHİR,Şehir_Yerleşimi
UŞAK,BANAZ,Şehir_Yerleşimi
UŞAK,EŞME,Şehir_Yerleşimi
UŞAK,KARAHALLI,Tarım_Arazisi
UŞAK,SİVASLI,Şehir_Yerleşimi
UŞAK,ULUBEY,Şehir_Yerleşimi
UŞAK,UŞAK,Şehir_Yerleşimi
VAN,BAHÇESARAY,Tarım_Arazisi
VAN,BAŞKALE,Şehir_Yerleşimi
VAN,ÇALDIRAN,Şehir_Yerleşimi
VAN,ÇATAK,Tarım_Arazisi
VAN,EDREMİT(GÜMÜŞDERE),Şehir_Yerleşimi
VAN,ERCİŞ,Şehir_Yerleşimi
VAN,GEVAŞ,Şehir_Yerleşimi
VAN,GÜRPINAR,Tarım_Arazisi
VAN,MURADİYE,Şehir_Yerleşimi
VAN,ÖZALP,Şehir_Yerleşimi
VAN,SARAY,Şehir_Yerleşimi
VAN,VAN,Şehir_Yerleşimi
YOZGAT,AKDAĞMADENİ,Şehir_Yerleşimi
YOZGAT,AYDINCIK,Şehir_Yerleşimi
YOZGAT,BOĞAZLIYAN,Şehir_Yerleşimi
YOZGAT,ÇANDIR,Şehir_Yerleşimi
YOZGAT,ÇAYIRALAN,Şehir_Yerleşimi
YOZGAT,ÇEKEREK,Şehir_Yerleşimi
YOZGAT,KADIŞEHRİ,Şehir_Yerleşimi
YOZGAT,SARAYKENT,Şehir_Yerleşimi
YOZGAT,SARIKAYA,Şehir_Yerleşimi
YOZGAT,SORGUN,Şehir_Yerleşimi
YOZGAT,ŞEFAATLİ,Şehir_Yerleşimi
YOZGAT,YENİFAKILI,Şehir_Yerleşimi
YOZGAT,YERKÖY,Şehir_Yerleşimi
YOZGAT,YOZGAT,Şehir_Yerleşimi
ZONGULDAK,ALAPLI,Şehir_Yerleşimi
ZONGULDAK,ÇAYCUMA,Tarım_Arazisi
ZONGULDAK,DEVREK,Su_Yüzeyi
ZONGULDAK,GÖKÇEBEY,Şehir_Yerleşimi
ZONGULDAK,KARADENİZEREĞLİ,Şehir_Yerleşimi
ZONGULDAK,ZONGULDAK,Şehir_Yerleşimi
AKSARAY,AĞAÇÖREN,Şehir_Yerleşimi
AKSARAY,AKSARAY,Şehir_Yerleşimi
AKSARAY,ESKİL,Şehir_Yerleşimi
AKSARAY,GÜLAĞAÇ,Şehir_Yerleşimi
AKSARAY,GÜZELYURT,Tarım_Arazisi
AKSARAY,ORTAKÖY,Şehir_Yerleşimi
AKSARAY,SARIYAHŞİ,Şehir_Yerleşimi
BAYBURT,AYDINTEPE,Şehir_Yerleşimi
BAYBURT,BAYBURT,Şehir_Yerleşimi
BAYBURT,DEMİRÖZÜ,Şehir_Yerleşimi
KARAMAN,AYRANCI,Şehir_Yerleşimi
KARAMAN,BAŞYAYLA,Tarım_Arazisi
KARAMAN,ERMENEK,Şehir_Yerleşimi
KARAMAN,KARAMAN,Şehir_Yerleşimi
KARAMAN,KAZIMKARABEKİR,Şehir_Yerleşimi
KARAMAN,SARIVELİLER,Tarım_Arazisi
KIRIKKALE,BAHŞİLİ,Tarım_Arazisi
KIRIKKALE,BALIŞEYH,Tarım_Arazisi
KIRIKKALE,ÇELEBİ,Şehir_Yerleşimi
KIRIKKALE,DELİCE,Tarım_Arazisi
KIRIKKALE,KARAKEÇİLİ,Şehir_Yerleşimi
KIRIKKALE,KESKİN,Şehir_Yerleşimi
KIRIKKALE,KIRIKKALE,Şehir_Yerleşimi
KIRIKKALE,SULAKYURT,Şehir_Yerleşimi
KIRIKKALE,YAHŞİHAN,Şehir_Yerleşimi
BATMAN,BATMAN,Şehir_Yerleşimi
BATMAN,BEŞİRİ,Şehir_Yerleşimi
BATMAN,GERCÜŞ,Şehir_Yerleşimi
BATMAN,HASANKEYF,Şehir_Yerleşimi
BATMAN,KOZLUK,Şehir_Yerleşimi
BATMAN,SASON,Şehir_Yerleşimi
ŞIRNAK,BEYTÜŞŞEBAP,Şehir_Yerleşimi
ŞIRNAK,CİZRE,Şehir_Yerleşimi
ŞIRNAK,GÜÇLÜKONAK,Şehir_Yerleşimi
ŞIRNAK,İDİL,Şehir_Yerleşimi
ŞIRNAK,SİLOPİ,Şehir_Yerleşimi
ŞIRNAK,ŞIRNAK,Şehir_Yerleşimi
ŞIRNAK,ULUDERE,Orman_ve_Doğa
BARTIN,AMASRA,Şehir_Yerleşimi
BARTIN,BARTIN,Şehir_Yerleşimi
BARTIN,KURUCAŞİLE,Tarım_Arazisi
BARTIN,ULUS,Orman_ve_Doğa
ARDAHAN,ARDAHAN,Şehir_Yerleşimi
ARDAHAN,ÇILDIR,Orman_ve_Doğa
ARDAHAN,DAMAL,Şehir_Yerleşimi
ARDAHAN,GÖLE,Şehir_Yerleşimi
ARDAHAN,HANAK,Şehir_Yerleşimi
ARDAHAN,POSOF,Şehir_Yerleşimi
IĞDIR,ARALIK,Şehir_Yerleşimi
IĞDIR,IĞDIR,Şehir_Yerleşimi
IĞDIR,KARAKOYUNLU,Şehir_Yerleşimi
IĞDIR,TUZLUCA,Tarım_Arazisi
YALOVA,ALTINOVA,Şehir_Yerleşimi
YALOVA,ARMUTLU,Şehir_Yerleşimi
YALOVA,ÇINARCIK,Orman_ve_Doğa
YALOVA,ÇİFTLİKKÖY,Şehir_Yerleşimi
YALOVA,TERMAL,Şehir_Yerleşimi
YALOVA,YALOVA,Şehir_Yerleşimi
KARABÜK,EFLANİ,Şehir_Yerleşimi
KARABÜK,ESKİPAZAR,Şehir_Yerleşimi
KARABÜK,KARABÜK,Tarım_Arazisi
KARABÜK,OVACIK,Şehir_Yerleşimi
KARABÜK,SAFRANBOLU,Tarım_Arazisi
KARABÜK,YENİCE,Şehir_Yerleşimi
KİLİS,ELBEYLİ,Şehir_Yerleşimi
KİLİS,KİLİS,Şehir_Yerleşimi
KİLİS,MUSABEYLİ,Şehir_Yerleşimi
KİLİS,POLATELİ,Şehir_Yerleşimi
OSMANİYE,BAHÇE,Şehir_Yerleşimi
OSMANİYE,DÜZİÇİ,Şehir_Yerleşimi
OSMANİYE,HASANBEYLİ,Tarım_Arazisi
OSMANİYE,KADİRLİ,Şehir_Yerleşimi
OSMANİYE,OSMANİYE,Şehir_Yerleşimi
OSMANİYE,SUMBAS,Tarım_Arazisi
OSMANİYE,TOPRAKKALE,Şehir_Yerleşimi
DÜZCE,AKÇAKOCA,Şehir_Yerleşimi
DÜZCE,CUMAYERİ,Şehir_Yerleşimi
DÜZCE,ÇİLİMLİ,Şehir_Yerleşimi
DÜZCE,DÜZCE,Şehir_Yerleşimi
DÜZCE,GÖLYAKA,Şehir_Yerleşimi
DÜZCE,GÜMÜŞOVA,Tarım_Arazisi
DÜZCE,KAYNAŞLI,Şehir_Yerleşimi
DÜZCE,YIĞILCA,Tarım_Arazisi
